"","team","spotrac_id","full_name","position","cap","dead","ratio","year_signed","years","expires","cut_probability_pct","spotrac_page"
"1","Arizona Cardinals","21777","Budda Baker","SS",16871359,7550000,0.4,2020,4,2025,0.801933673668834,"https://www.spotrac.com/redirect/player/21777/"
"2","Arizona Cardinals","32283","Jalen Thompson","FS",5287750,17171000,3.2,2022,3,2027,0.420093450773062,"https://www.spotrac.com/redirect/player/32283/"
"3","Arizona Cardinals","48209","Josh Thomas","SS",750000,0,0,2023,1,2024,0.933313867355316,"https://www.spotrac.com/redirect/player/48209/"
"4","Arizona Cardinals","7726","J.J. Watt","DE",3565000,0,0,2021,2,2026,0.883605318520043,"https://www.spotrac.com/redirect/player/7726/"
"5","Arizona Cardinals","48003","Eric Banks","DT",1010000,0,0,2022,2,2024,0.933313867355316,"https://www.spotrac.com/redirect/player/48003/"
"6","Arizona Cardinals","77227","Manny Jones","DE",870000,0,0,2022,2,2024,0.933313867355316,"https://www.spotrac.com/redirect/player/77227/"
"7","Arizona Cardinals","16782","Markus Golden","OLB",4160000,1080000,0.3,2022,1,2024,0.792426035736213,"https://www.spotrac.com/redirect/player/16782/"
"8","Arizona Cardinals","25362","Dennis Gardeck","OLB",4216666,1333334,0.3,2022,3,2025,0.824884494835646,"https://www.spotrac.com/redirect/player/25362/"
"9","Arizona Cardinals","7774","Rodney Hudson","C",4810000,5280000,1.1,2021,3,2026,0.749025304973637,"https://www.spotrac.com/redirect/player/7774/"
"10","Arizona Cardinals","16748","D.J. Humphries","T",17870000,24750000,1.4,2022,3,2026,0.630554086299701,"https://www.spotrac.com/redirect/player/16748/"
"11","Arizona Cardinals","6593","Colt McCoy","QB",5e+06,3500000,0.7,2022,2,2024,0.828006117422928,"https://www.spotrac.com/redirect/player/6593/"
"12","Arizona Cardinals","21847","James Conner","RB",10445000,9750000,0.9,2022,3,2025,0.779068390939925,"https://www.spotrac.com/redirect/player/21847/"
"13","Arizona Cardinals","12316","Zach Ertz","TE",12605000,1e+07,0.8,2022,3,2026,0.778169224767425,"https://www.spotrac.com/redirect/player/12316/"
"14","Arizona Cardinals",NA,"A.J. Green","WR",NA,NA,0,2022,1,2025,0.900150701772441,NA
"15","Arizona Cardinals","12307","DeAndre Hopkins","WR",30750000,22600000,0.7,2020,2,2025,0.814842648681379,"https://www.spotrac.com/redirect/player/12307/"
"16","Arizona Cardinals","25325","Javon Wims","WR",1010000,0,0,2023,1,2024,0.933313867355316,"https://www.spotrac.com/redirect/player/25325/"
"17","Arizona Cardinals","48091","Andre Baccellia","WR",870000,0,0,2022,2,2024,0.920150398613767,"https://www.spotrac.com/redirect/player/48091/"
"18","Atlanta Falcons","9872","Casey Hayward","CB",7e+06,2e+06,0.3,2022,2,2024,0.802409078181136,"https://www.spotrac.com/redirect/player/9872/"
"19","Atlanta Falcons","48281","Jovante Moffatt","SS",1010000,0,0,2022,2,2024,0.862920793723867,"https://www.spotrac.com/redirect/player/48281/"
"20","Atlanta Falcons","16863","Grady Jarrett","DT",20625000,28875000,1.4,2022,3,2026,0.383573086287333,"https://www.spotrac.com/redirect/player/16863/"
"21","Atlanta Falcons","30571","Jalen Dalton","DT",870000,0,0,2022,2,2024,0.862920793723867,"https://www.spotrac.com/redirect/player/30571/"
"22","Atlanta Falcons",NA,"Timmy Horne","DT",NA,NA,0,2022,3,2025,0.835619331476059,NA
"23","Atlanta Falcons","25165","Lorenzo Carter","OLB",1e+06,1e+06,1,2022,1,2024,0.644841316924771,"https://www.spotrac.com/redirect/player/25165/"
"24","Atlanta Falcons","14415","Jake Matthews","T",28358823,36558823,1.3,2022,3,2027,0.358727687788024,"https://www.spotrac.com/redirect/player/14415/"
"25","Atlanta Falcons","72759","Ryan Neuzil","G",870000,0,0,2022,2,2024,0.84275022187629,"https://www.spotrac.com/redirect/player/72759/"
"26","Atlanta Falcons","16726","Marcus Mariota","QB",14500000,2500000,0.2,2022,2,2024,0.802409078181136,"https://www.spotrac.com/redirect/player/16726/"
"27","Atlanta Falcons","25350","Logan Woodside","QB",1010000,0,0,2022,2,2024,0.862920793723867,"https://www.spotrac.com/redirect/player/25350/"
"28","Atlanta Falcons","12309","Cordarrelle Patterson","RB",5500000,3750000,0.7,2022,2,2026,0.651765938128733,"https://www.spotrac.com/redirect/player/12309/"
"29","Atlanta Falcons","72836","Caleb Huntley","RB",870000,0,0,2022,2,2024,0.839388459901694,"https://www.spotrac.com/redirect/player/72836/"
"30","Atlanta Falcons","22250","Younghoe Koo","K",4750000,5e+06,1.1,2022,5,2027,0.52002107231506,"https://www.spotrac.com/redirect/player/22250/"
"31","Atlanta Falcons",NA,"Feleipe Franks","TE",NA,NA,0,2021,3,2024,0.841209923662475,NA
"32","Atlanta Falcons","77237","Jared Bernhardt","WR",871666,3334,0,2022,3,2025,0.84275022187629,"https://www.spotrac.com/redirect/player/77237/"
"33","Atlanta Falcons","79902","Josh Ali","WR",750000,0,0,2023,3,2026,0.822579650028713,"https://www.spotrac.com/redirect/player/79902/"
"34","Baltimore Ravens","21757","Marlon Humphrey","CB",19993800,36024400,1.8,2020,5,2027,0.479737307549466,"https://www.spotrac.com/redirect/player/21757/"
"35","Baltimore Ravens","21783","Marcus Williams","FS",7803000,27972000,3.6,2022,5,2027,0.248412242356049,"https://www.spotrac.com/redirect/player/21783/"
"36","Baltimore Ravens","21928","Chuck Clark","SS",6268333,2628333,0.4,2020,3,2024,0.760465962868584,"https://www.spotrac.com/redirect/player/21928/"
"37","Baltimore Ravens",NA,"Ar'Darius Washington","FS",NA,NA,0,2023,2,2025,0.876294800939868,NA
"38","Baltimore Ravens","3941","Calais Campbell","DE",9440000,2440000,0.3,2022,1,2024,0.816350619408501,"https://www.spotrac.com/redirect/player/3941/"
"39","Baltimore Ravens","19379","Michael Pierce","NT",5905000,3810000,0.6,2022,3,2025,0.694278055399278,"https://www.spotrac.com/redirect/player/19379/"
"40","Baltimore Ravens","21788","Tyus Bowser","OLB",6500000,4e+06,0.6,2021,4,2025,0.700234967071516,"https://www.spotrac.com/redirect/player/21788/"
"41","Baltimore Ravens","25103","Roquan Smith","LB",9e+06,4.5e+07,5,2023,5,2028,0,"https://www.spotrac.com/redirect/player/25103/"
"42","Baltimore Ravens","77346","Josh Ross","LB",753333,6667,0,2022,3,2025,0.892841777807195,"https://www.spotrac.com/redirect/player/77346/"
"43","Baltimore Ravens","9837","Kevin Zeitler","G",9475000,2975000,0.3,2021,3,2024,0.826695237780058,"https://www.spotrac.com/redirect/player/9837/"
"44","Baltimore Ravens","14476","Morgan Moses","T",5460000,2920000,0.5,2022,3,2025,0.794709012219023,"https://www.spotrac.com/redirect/player/14476/"
"45","Baltimore Ravens","18954","Ronnie Stanley","T",23668250,35754750,1.5,2020,5,2026,0.530959393718768,"https://www.spotrac.com/redirect/player/18954/"
"46","Baltimore Ravens","29722","Patrick Mekari","G",6e+06,4e+06,0.7,2021,3,2025,0.72154163316715,"https://www.spotrac.com/redirect/player/29722/"
"47","Baltimore Ravens","77339","Anthony Brown","QB",870000,0,0,2022,3,2025,0.892841777807195,"https://www.spotrac.com/redirect/player/77339/"
"48","Baltimore Ravens","22506","Patrick Ricard","FB",3905000,2310000,0.6,2022,3,2025,0.700069497302843,"https://www.spotrac.com/redirect/player/22506/"
"49","Baltimore Ravens","25592","Gus Edwards","RB",5634000,1250000,0.2,2021,3,2024,0.805556474832048,"https://www.spotrac.com/redirect/player/25592/"
"50","Baltimore Ravens","10179","Justin Tucker","K",5958333,14058333,2.4,2022,4,2028,0.28060363371612,"https://www.spotrac.com/redirect/player/10179/"
"51","Baltimore Ravens","25185","Mark Andrews","TE",13657611,25222833,1.8,2021,4,2026,0.498320481847966,"https://www.spotrac.com/redirect/player/25185/"
"52","Baltimore Ravens","29098","Andy Isabella","WR",940000,0,0,2023,1,2024,0.909388754674521,"https://www.spotrac.com/redirect/player/29098/"
"53","Buffalo Bills","12440","Micah Hyde","FS",10571294,7044000,0.7,2021,2,2027,0.603385678666725,"https://www.spotrac.com/redirect/player/12440/"
"54","Buffalo Bills","21768","Tre'Davious White","CB",16223147,22954754,1.4,2020,4,2026,0.494029132583877,"https://www.spotrac.com/redirect/player/21768/"
"55","Buffalo Bills","25222","Taron Johnson","CB",9215000,5e+06,0.5,2021,3,2025,0.692353304268793,"https://www.spotrac.com/redirect/player/25222/"
"56","Buffalo Bills","25255","Siran Neal","CB",3313333,1066667,0.3,2022,3,2025,0.755257619721116,"https://www.spotrac.com/redirect/player/25255/"
"57","Buffalo Bills","14523","DaQuan Jones","DT",8583333,7041668,0.8,2022,2,2025,0.721027591299851,"https://www.spotrac.com/redirect/player/14523/"
"58","Buffalo Bills","16776","Jordan Phillips","DE",1250000,0,0,2022,1,2024,0.834851426514084,"https://www.spotrac.com/redirect/player/16776/"
"59","Buffalo Bills","22022","Eli Ankou","DT",940000,0,0,2023,1,2024,0.909584007698701,"https://www.spotrac.com/redirect/player/22022/"
"60","Buffalo Bills","25264","Tim Settle","DT",4945000,2700000,0.5,2022,2,2025,0.791774843877449,"https://www.spotrac.com/redirect/player/25264/"
"61","Buffalo Bills","77605","Kingsley Jonathan","DE",871750,3500,0,2023,2,2025,0.909584007698701,"https://www.spotrac.com/redirect/player/77605/"
"62","Buffalo Bills","7717","Von Miller","OLB",18615000,40175000,2.2,2022,6,2028,0.3493205976037,"https://www.spotrac.com/redirect/player/7717/"
"63","Buffalo Bills","21905","Matt Milano","OLB",13338588,8672000,0.7,2021,4,2027,0.582363490866799,"https://www.spotrac.com/redirect/player/21905/"
"64","Buffalo Bills","6542","Rodger Saffold","G",2e+06,2e+06,1,2022,1,2024,0.69133264317202,"https://www.spotrac.com/redirect/player/6542/"
"65","Buffalo Bills","16773","Mitch Morse","C",11160000,5e+06,0.4,2022,2,2025,0.736363238703469,"https://www.spotrac.com/redirect/player/16773/"
"66","Buffalo Bills","17004","Greg Mancz","C",944500,4500,0,2023,1,2024,0.931455316915271,"https://www.spotrac.com/redirect/player/17004/"
"67","Buffalo Bills","21805","Dion Dawkins","T",14824870,12866000,0.9,2020,4,2027,0.560582239982297,"https://www.spotrac.com/redirect/player/21805/"
"68","Buffalo Bills","29527","Ryan Bates","C",4875000,6525000,1.3,2022,4,2026,0.516929679881226,"https://www.spotrac.com/redirect/player/29527/"
"69","Buffalo Bills","25102","Josh Allen","QB",39772281,77289124,1.9,2021,6,2029,0.297649077273766,"https://www.spotrac.com/redirect/player/25102/"
"70","Buffalo Bills","25205","Nyheim Hines","RB",4790000,0,0,2021,3,2025,0.907277578726772,"https://www.spotrac.com/redirect/player/25205/"
"71","Buffalo Bills","47904","Reggie Gilliam","FB",2028333,666667,0.3,2022,2,2025,0.796689455713172,"https://www.spotrac.com/redirect/player/47904/"
"72","Buffalo Bills","19383","Reid Ferguson","LS",1080000,0,0,2021,4,2025,0.778356152399283,"https://www.spotrac.com/redirect/player/19383/"
"73","Buffalo Bills","29132","Dawson Knox","TE",6425000,17555000,2.7,2022,4,2027,0.192089276111127,"https://www.spotrac.com/redirect/player/29132/"
"74","Buffalo Bills","72927","Quintin Morris","TE",870000,0,0,2022,2,2024,0.902981606228949,"https://www.spotrac.com/redirect/player/72927/"
"75","Buffalo Bills","16872","Stefon Diggs","WR",20271111,45466111,2.2,2022,4,2028,0.302047640571765,"https://www.spotrac.com/redirect/player/16872/"
"76","Buffalo Bills","21914","Isaiah McKenzie","WR",2925000,3e+05,0.1,2022,2,2024,0.810725690039806,"https://www.spotrac.com/redirect/player/21914/"
"77","Carolina Panthers","21933","Xavier Woods","FS",6031666,3333334,0.6,2022,3,2025,0.73333891493637,"https://www.spotrac.com/redirect/player/21933/"
"78","Carolina Panthers","25154","Donte Jackson","CB",13589167,12055834,0.9,2022,3,2025,0.606999330207636,"https://www.spotrac.com/redirect/player/25154/"
"79","Carolina Panthers","25237","Marquis Haynes","DE",3545000,5e+05,0.1,2022,2,2024,0.786809030377054,"https://www.spotrac.com/redirect/player/25237/"
"80","Carolina Panthers","77166","Marquan McCall","NT",875000,10000,0,2022,3,2025,0.879102478231748,"https://www.spotrac.com/redirect/player/77166/"
"81","Carolina Panthers","16749","Shaq Thompson","OLB",24463333,11303333,0.5,2019,4,2024,0.649944840628817,"https://www.spotrac.com/redirect/player/16749/"
"82","Carolina Panthers","16853","Damien Wilson","MLB",4655592,1075000,0.2,2022,2,2024,0.858171466845278,"https://www.spotrac.com/redirect/player/16853/"
"83","Carolina Panthers","25901","Frankie Luvu","OLB",5470575,0,0,2022,2,2024,0.859818039741014,"https://www.spotrac.com/redirect/player/25901/"
"84","Carolina Panthers","77236","Chandler Wooten","LB",870000,0,0,2022,2,2024,0.900033489618218,"https://www.spotrac.com/redirect/player/77236/"
"85","Carolina Panthers","21806","Taylor Moton","T",24541250,31223750,1.3,2021,5,2026,0.460482250502344,"https://www.spotrac.com/redirect/player/21806/"
"86","Carolina Panthers","21812","Pat Elflein","C",7067202,2802500,0.4,2021,3,2024,0.795378432685867,"https://www.spotrac.com/redirect/player/21812/"
"87","Carolina Panthers","25132","Austin Corbett","G",10953000,16612000,1.5,2022,3,2027,0.503033765415074,"https://www.spotrac.com/redirect/player/25132/"
"88","Carolina Panthers","77532","Raheem Blackshear","RB",870000,0,0,2022,2,2024,0.897908186923592,"https://www.spotrac.com/redirect/player/77532/"
"89","Carolina Panthers","10414","Johnny Hekker","P",3416666,3083334,0.9,2022,3,2025,0.690723375753516,"https://www.spotrac.com/redirect/player/10414/"
"90","Carolina Panthers","25202","Ian Thomas","TE",6714018,5298334,0.8,2022,3,2025,0.616553721287577,"https://www.spotrac.com/redirect/player/25202/"
"91","Carolina Panthers","47965","Giovanni Ricci","TE",940000,0,0,2023,1,2024,0.85420852868944,"https://www.spotrac.com/redirect/player/47965/"
"92","Carolina Panthers","25119","D.J. Moore","WR",25040000,35700000,1.4,2022,3,2026,0.46122099208069,"https://www.spotrac.com/redirect/player/25119/"
"93","Carolina Panthers","29364","Preston Williams","WR",1010000,0,0,2022,2,2024,0.900033489618218,"https://www.spotrac.com/redirect/player/29364/"
"94","Chicago Bears","21854","Eddie Jackson","SS",17090000,9570000,0.6,2020,4,2026,0.450444261243932,"https://www.spotrac.com/redirect/player/21854/"
"95","Chicago Bears","21971","Adrian Colbert","FS",940000,0,0,2023,1,2024,0.77368907542032,"https://www.spotrac.com/redirect/player/21971/"
"96","Chicago Bears","77561","Jaylon Jones","CB",870833,1667,0,2022,3,2025,0.737824452272103,"https://www.spotrac.com/redirect/player/77561/"
"97","Chicago Bears","77600","A.J. Thomas","DB",870000,0,0,2022,2,2024,0.77368907542032,"https://www.spotrac.com/redirect/player/77600/"
"98","Chicago Bears","16826","Angelo Blackson","DT",5e+05,5e+05,1,2021,2,2024,0.488529149699801,"https://www.spotrac.com/redirect/player/16826/"
"99","Chicago Bears","21938","Al-Quadin Muhammad","DE",4464704,5e+05,0.1,2022,2,2024,0.733811736491044,"https://www.spotrac.com/redirect/player/21938/"
"100","Chicago Bears","25183","Justin Jones","DT",7400000,2500000,0.3,2022,2,2024,0.681459067176297,"https://www.spotrac.com/redirect/player/25183/"
"101","Chicago Bears","25203","Jalyn Holmes","DE",1080000,0,0,2022,2,2024,0.77368907542032,"https://www.spotrac.com/redirect/player/25203/"
"102","Chicago Bears",NA,"DeMarquis Gates","LB",NA,NA,0,2022,2,2024,0.77368907542032,NA
"103","Chicago Bears","77542","Jack Sanborn","LB",872500,5000,0,2022,3,2025,0.739107004564548,"https://www.spotrac.com/redirect/player/77542/"
"104","Chicago Bears","77457","Sterling Weatherford","OLB",870000,0,0,2022,3,2025,0.748707187289215,"https://www.spotrac.com/redirect/player/77457/"
"105","Chicago Bears","19005","Cody Whitehair","G",14100000,8306000,0.6,2019,5,2026,0.425233372471625,"https://www.spotrac.com/redirect/player/19005/"
"106","Chicago Bears","19914","Lucas Patrick","G",5382500,1482500,0.3,2022,2,2024,0.698743411027005,"https://www.spotrac.com/redirect/player/19914/"
"107","Chicago Bears","16976","Trevor Siemian","QB",2465000,5e+05,0.2,2022,2,2024,0.72372529915811,"https://www.spotrac.com/redirect/player/16976/"
"108","Chicago Bears","14957","Cairo Santos","K",4500000,1500000,0.3,2021,3,2026,0.523870194109271,"https://www.spotrac.com/redirect/player/14957/"
"109","Chicago Bears","25308","Equanimeous St. Brown","WR",1165000,85000,0.1,2022,1,2024,0.734483124734567,"https://www.spotrac.com/redirect/player/25308/"
"110","Chicago Bears","29562","Nsimba Webster","WR",1010000,0,0,2023,1,2024,0.748707187289215,"https://www.spotrac.com/redirect/player/29562/"
"111","Cincinnati Bengals","19256","Mike Hilton","CB",5961754,2e+06,0.3,2021,4,2025,0.662639628933054,"https://www.spotrac.com/redirect/player/19256/"
"112","Cincinnati Bengals","21802","Chidobe Awuzie","CB",7938232,1500000,0.2,2021,3,2024,0.745103505959434,"https://www.spotrac.com/redirect/player/21802/"
"113","Cincinnati Bengals","77731","Allan George","DB",870000,0,0,2023,2,2024,0.834719055252965,"https://www.spotrac.com/redirect/player/77731/"
"114","Cincinnati Bengals","19120","D.J. Reader","NT",15521324,4062500,0.3,2020,4,2024,0.715231656194924,"https://www.spotrac.com/redirect/player/19120/"
"115","Cincinnati Bengals","21845","Trey Hendrickson","DE",15476460,5e+06,0.3,2021,4,2025,0.666474159190407,"https://www.spotrac.com/redirect/player/21845/"
"116","Cincinnati Bengals","22137","Josh Tupou","NT",1570588,150000,0.1,2022,2,2024,0.655487956665903,"https://www.spotrac.com/redirect/player/22137/"
"117","Cincinnati Bengals","25168","B.J. Hill","DT",10833333,6666667,0.6,2022,3,2025,0.57214549582292,"https://www.spotrac.com/redirect/player/25168/"
"118","Cincinnati Bengals","25176","Sam Hubbard","DE",9970588,6e+06,0.6,2021,4,2026,0.451861514104492,"https://www.spotrac.com/redirect/player/25176/"
"119","Cincinnati Bengals","17403","La'el Collins","T",9384306,3333334,0.4,2022,3,2025,0.657738302681496,"https://www.spotrac.com/redirect/player/17403/"
"120","Cincinnati Bengals","19175","Ted Karras","C",5541180,2e+06,0.4,2022,3,2025,0.65562945490163,"https://www.spotrac.com/redirect/player/19175/"
"121","Cincinnati Bengals","25193","Alex Cappa","G",8691180,6750000,0.8,2022,4,2026,0.506688805026437,"https://www.spotrac.com/redirect/player/25193/"
"122","Cincinnati Bengals","21789","Joe Mixon","RB",12761754,5500000,0.4,2020,4,2025,0.547562720634361,"https://www.spotrac.com/redirect/player/21789/"
"123","Cincinnati Bengals","72931","Drue Chrisman","P",870000,0,0,2022,2,2024,0.804847205488455,"https://www.spotrac.com/redirect/player/72931/"
"124","Cincinnati Bengals","19004","Tyler Boyd","WR",10285280,1400000,0.1,2019,4,2024,0.634310387385485,"https://www.spotrac.com/redirect/player/19004/"
"125","Cincinnati Bengals","30009","Trenton Irwin","WR",940000,0,0,2022,2,2024,0.731934998854912,"https://www.spotrac.com/redirect/player/30009/"
"126","Cincinnati Bengals","29512","Stanley Morgan","WR",1180000,50000,0,2022,2,2024,0.742924618094258,"https://www.spotrac.com/redirect/player/29512/"
"127","Cleveland Browns","21833","John Johnson","FS",13500000,12600000,0.9,2021,3,2027,0.638617768850615,"https://www.spotrac.com/redirect/player/21833/"
"128","Cleveland Browns","25099","Denzel Ward","CB",12179822,39465000,3.2,2022,5,2028,0.0846444286059291,"https://www.spotrac.com/redirect/player/25099/"
"129","Cleveland Browns",NA,"D'Anthony Bell","FS",NA,NA,0,2022,3,2025,0.904670463983413,NA
"130","Cleveland Browns","14410","Jadeveon Clowney","DE",1600000,6400000,4,2022,1,2027,0.0064033088098141,"https://www.spotrac.com/redirect/player/14410/"
"131","Cleveland Browns","21742","Myles Garrett","DE",29176000,35171000,1.2,2020,5,2027,0.518644084020051,"https://www.spotrac.com/redirect/player/21742/"
"132","Cleveland Browns","72667","Sam Kamara","OLB",870000,0,0,2023,1,2024,0.926626769315953,"https://www.spotrac.com/redirect/player/72667/"
"133","Cleveland Browns","77367","Storey Jackson","LB",750000,0,0,2023,1,2024,0.926626769315953,"https://www.spotrac.com/redirect/player/77367/"
"134","Cleveland Browns","14444","Joel Bitonio","G",14600000,23300000,1.6,2021,3,2027,0.349371793436964,"https://www.spotrac.com/redirect/player/14444/"
"135","Cleveland Browns","18956","Jack Conklin","T",7785522,28900000,3.7,2022,4,2029,0,"https://www.spotrac.com/redirect/player/18956/"
"136","Cleveland Browns","19109","Joe Haeg","T",2500000,0,0,2022,3,2025,0.906010520177418,"https://www.spotrac.com/redirect/player/19109/"
"137","Cleveland Browns","25267","Wyatt Teller","G",15426300,23078900,1.5,2021,4,2027,0.475378308171692,"https://www.spotrac.com/redirect/player/25267/"
"138","Cleveland Browns","29237","Drew Forbes","G",1010000,0,0,2019,4,2024,0.885394271038882,"https://www.spotrac.com/redirect/player/29237/"
"139","Cleveland Browns","21753","Deshaun Watson","QB",54993000,219972000,4,2022,5,2027,0.0401280563589348,"https://www.spotrac.com/redirect/player/21753/"
"140","Cleveland Browns","25134","Nick Chubb","RB",14850000,10860000,0.7,2021,3,2025,0.667638171314447,"https://www.spotrac.com/redirect/player/25134/"
"141","Cleveland Browns","10331","Charley Hughlett","LS",1338000,1094583,0.8,2022,4,2027,0.534918035683782,"https://www.spotrac.com/redirect/player/10331/"
"142","Cleveland Browns","25923","Corey Bojorquez","P",1880000,250000,0.1,2022,2,2024,0.906010520177418,"https://www.spotrac.com/redirect/player/25923/"
"143","Cleveland Browns","21770","David Njoku","TE",8393000,13672000,1.6,2022,4,2028,0.393843988007233,"https://www.spotrac.com/redirect/player/21770/"
"144","Cleveland Browns","16728","Amari Cooper","WR",23776000,15104000,0.6,2020,5,2027,0.744548907806559,"https://www.spotrac.com/redirect/player/16728/"
"145","Dallas Cowboys","19198","Jayron Kearse","FS",6161754,1750000,0.3,2022,2,2024,0.812142228930879,"https://www.spotrac.com/redirect/player/19198/"
"146","Dallas Cowboys","21756","Malik Hooker","FS",4320592,850000,0.2,2022,2,2024,0.834220100068541,"https://www.spotrac.com/redirect/player/21756/"
"147","Dallas Cowboys","21834","Jourdan Lewis","CB",5872545,1166668,0.2,2021,3,2024,0.766501215774946,"https://www.spotrac.com/redirect/player/21834/"
"148","Dallas Cowboys","77358","Markquese Bell","FS",875000,10000,0,2022,3,2025,0.894317355301479,"https://www.spotrac.com/redirect/player/77358/"
"149","Dallas Cowboys","7724","Tyron Smith","T",17605000,8010000,0.5,2014,8,2025,0.574777006485147,"https://www.spotrac.com/redirect/player/7724/"
"150","Dallas Cowboys","14425","Zack Martin","G",19890000,16860000,0.8,2018,6,2027,0.511171659157602,"https://www.spotrac.com/redirect/player/14425/"
"151","Dallas Cowboys","77387","Brock Hoffman","C",870000,0,0,2023,2,2025,0.894317355301479,"https://www.spotrac.com/redirect/player/77387/"
"152","Dallas Cowboys","19089","Dak Prescott","QB",49130000,89070000,1.8,2021,4,2027,0.319859889165148,"https://www.spotrac.com/redirect/player/19089/"
"153","Dallas Cowboys","18952","Ezekiel Elliott","RB",16720000,11860000,0.7,2019,6,2027,0.584262968997068,"https://www.spotrac.com/redirect/player/18952/"
"154","Dallas Cowboys","77360","Malik Davis","RB",870000,0,0,2022,2,2024,0.913854965200534,"https://www.spotrac.com/redirect/player/77360/"
"155","Dallas Cowboys","9880","Bryan Anger","P",3e+06,1600000,0.5,2022,3,2025,0.766501215774946,"https://www.spotrac.com/redirect/player/9880/"
"156","Dallas Cowboys","47877","Sean McKeon","TE",1010000,0,0,2022,2,2024,0.870117499551122,"https://www.spotrac.com/redirect/player/47877/"
"157","Dallas Cowboys","77365","Peyton Hendershot","TE",875000,10000,0,2022,3,2025,0.888861499716133,"https://www.spotrac.com/redirect/player/77365/"
"158","Dallas Cowboys","25180","Michael Gallup","WR",13823522,1.9e+07,1.4,2022,5,2027,0.452206654351683,"https://www.spotrac.com/redirect/player/25180/"
"159","Denver Broncos","14831","K'Waun Williams","CB",2885000,785000,0.3,2022,2,2024,0.867829316052143,"https://www.spotrac.com/redirect/player/14831/"
"160","Denver Broncos","16774","Ronald Darby","CB",12647055,3e+06,0.2,2021,3,2024,0.87842885392195,"https://www.spotrac.com/redirect/player/16774/"
"161","Denver Broncos","19052","Justin Simmons","FS",18150000,10400000,0.6,2021,4,2025,0.69251440836953,"https://www.spotrac.com/redirect/player/19052/"
"162","Denver Broncos","47870","Lamar Jackson","CB",940000,0,0,2022,2,2024,0.929132793618064,"https://www.spotrac.com/redirect/player/47870/"
"163","Denver Broncos",NA,"Ja'Quan McMillian","DB",NA,NA,0,2022,3,2025,0.912231480386026,NA
"164","Denver Broncos","12965","Mike Purcell","NT",3698419,286765,0.1,2022,2,2024,0.861517598740952,"https://www.spotrac.com/redirect/player/12965/"
"165","Denver Broncos","16784","Randy Gregory","DE",16100000,2.2e+07,1.4,2022,5,2027,0.641810468673416,"https://www.spotrac.com/redirect/player/16784/"
"166","Denver Broncos","21940","D.J. Jones","DT",12988333,15976668,1.2,2022,3,2025,0.700119999323948,"https://www.spotrac.com/redirect/player/21940/"
"167","Denver Broncos","29696","Wyatt Ray","DE",1010000,0,0,2023,1,2024,0.929132793618064,"https://www.spotrac.com/redirect/player/29696/"
"168","Denver Broncos","29708","Jonathan Harris","DE",1010000,0,0,2022,2,2024,0.87842885392195,"https://www.spotrac.com/redirect/player/29708/"
"169","Denver Broncos","77410","Elijah Garcia","DT",870000,0,0,2022,3,2025,0.912231480386026,"https://www.spotrac.com/redirect/player/77410/"
"170","Denver Broncos","25207","Josey Jewell","LB",7130000,2250000,0.3,2022,2,2024,0.794728350392826,"https://www.spotrac.com/redirect/player/25207/"
"171","Denver Broncos","48132","Ray Wilborn","LB",750000,0,0,2023,1,2024,0.929132793618064,"https://www.spotrac.com/redirect/player/48132/"
"172","Denver Broncos","70828","Aaron Patrick","OLB",943334,3334,0,2021,3,2024,0.912231480386026,"https://www.spotrac.com/redirect/player/70828/"
"173","Denver Broncos","19049","Graham Glasgow","G",1.4e+07,3e+06,0.2,2022,2,2024,0.8476286960438,"https://www.spotrac.com/redirect/player/19049/"
"174","Denver Broncos","21761","Garett Bolles","T",17823529,8e+06,0.4,2020,4,2025,0.777020974529721,"https://www.spotrac.com/redirect/player/21761/"
"175","Denver Broncos",NA,"Christian DiLauro","T",NA,NA,0,2022,2,2024,0.929132793618064,NA
"176","Denver Broncos","9885","Russell Wilson","QB",2.2e+07,1.07e+08,4.9,2022,5,2029,0,"https://www.spotrac.com/redirect/player/9885/"
"177","Denver Broncos","25235","Chase Edmonds","RB",5920000,0,0,2022,2,2024,0.929132793618064,"https://www.spotrac.com/redirect/player/25235/"
"178","Denver Broncos","12797","Brandon McManus","K",4981250,2462500,0.5,2020,4,2025,0.709415721601568,"https://www.spotrac.com/redirect/player/12797/"
"179","Denver Broncos","73108","Mitchell Fraboni","LS",870000,0,0,2022,3,2025,0.912231480386026,"https://www.spotrac.com/redirect/player/73108/"
"180","Denver Broncos","25139","Courtland Sutton","WR",18266176,25475000,1.4,2021,4,2026,0.576233373333108,"https://www.spotrac.com/redirect/player/25139/"
"181","Denver Broncos","47956","Kendall Hinton","WR",940000,0,0,2022,2,2024,0.885555574334792,"https://www.spotrac.com/redirect/player/47956/"
"182","Denver Broncos","77401","Brandon Johnson","WR",870000,0,0,2022,3,2025,0.912231480386026,"https://www.spotrac.com/redirect/player/77401/"
"183","Denver Broncos","77401","Brandon Johnson","WR",870000,0,0,2022,3,2025,0.912231480386026,"https://www.spotrac.com/redirect/player/77401/"
"184","Denver Broncos","77403","Jalen Virgil","WR",874166,8334,0,2022,3,2025,0.912231480386026,"https://www.spotrac.com/redirect/player/77403/"
"185","Detroit Lions","25181","Tracy Walker","FS",11321666,12643333,1.1,2022,3,2025,0.56446705028425,"https://www.spotrac.com/redirect/player/25181/"
"186","Detroit Lions","48090","Jarren Williams","DB",870000,0,0,2023,1,2024,0.900915833378688,"https://www.spotrac.com/redirect/player/48090/"
"187","Detroit Lions","72848","Jerry Jacobs","CB",941167,1167,0,2021,3,2024,0.865238243671382,"https://www.spotrac.com/redirect/player/72848/"
"188","Detroit Lions","9824","Michael Brockers","DE",13975000,3975000,0.3,2021,3,2024,0.816803637605078,"https://www.spotrac.com/redirect/player/9824/"
"189","Detroit Lions","19531","Romeo Okwara","OLB",14500000,7e+06,0.5,2021,3,2025,0.690635343944664,"https://www.spotrac.com/redirect/player/19531/"
"190","Detroit Lions","21763","Charles Harris","OLB",7988333,3976668,0.5,2022,2,2025,0.753719490774871,"https://www.spotrac.com/redirect/player/21763/"
"191","Detroit Lions","18964","Taylor Decker","T",19350000,1.7e+07,0.9,2020,4,2026,0.543439001340847,"https://www.spotrac.com/redirect/player/18964/"
"192","Detroit Lions","25115","Frank Ragnow","C",16450000,1.8e+07,1.1,2021,4,2027,0.501514328759939,"https://www.spotrac.com/redirect/player/25115/"
"193","Detroit Lions","72947","Kayode Awosika","T",870000,0,0,2022,2,2024,0.896499943100573,"https://www.spotrac.com/redirect/player/72947/"
"194","Detroit Lions","18949","Jared Goff","QB",30975000,1e+07,0.3,2019,4,2025,0.79593639138889,"https://www.spotrac.com/redirect/player/18949/"
"195","Detroit Lions","25685","Jason Cabinda","FB",2512059,5e+05,0.2,2022,2,2024,0.795775588661676,"https://www.spotrac.com/redirect/player/25685/"
"196","Detroit Lions","29435","Jack Fox","P",3565000,4615000,1.3,2022,4,2027,0.501382903454043,"https://www.spotrac.com/redirect/player/29435/"
"197","Detroit Lions","19436","Kalif Raymond","WR",3025000,925000,0.3,2022,2,2024,0.806301982573932,"https://www.spotrac.com/redirect/player/19436/"
"198","Detroit Lions","21859","Josh Reynolds","WR",3929406,750000,0.2,2022,2,2024,0.823998234350714,"https://www.spotrac.com/redirect/player/21859/"
"199","Detroit Lions","30035","Tom Kennedy","WR",940000,0,0,2023,1,2024,0.837831686548481,"https://www.spotrac.com/redirect/player/30035/"
"200","Green Bay Packers","16868","Adrian Amos","FS",7950000,7950000,1,2019,4,2027,0.662547386456682,"https://www.spotrac.com/redirect/player/16868/"
"201","Green Bay Packers","21841","Rasul Douglas","CB",7766667,3533335,0.5,2022,3,2025,0.806827438573891,"https://www.spotrac.com/redirect/player/21841/"
"202","Green Bay Packers","25113","Jaire Alexander","CB",20211760,2.4e+07,1.2,2022,4,2027,0.591268394154285,"https://www.spotrac.com/redirect/player/25113/"
"203","Green Bay Packers","71022","Innis Gaines","SS",870000,0,0,2022,2,2024,0.929900669988192,"https://www.spotrac.com/redirect/player/71022/"
"204","Green Bay Packers","18975","Kenny Clark","NT",23973000,20892000,0.9,2020,4,2027,0.643634901690862,"https://www.spotrac.com/redirect/player/18975/"
"205","Green Bay Packers","18998","Jarran Reed","DT",1492000,1492000,1,2022,1,2027,0.702961377275129,"https://www.spotrac.com/redirect/player/18998/"
"206","Green Bay Packers","19091","Dean Lowry","DE",3007875,0,0,2019,3,2026,0.813223513926338,"https://www.spotrac.com/redirect/player/19091/"
"207","Green Bay Packers","16762","Preston Smith","OLB",13040000,9760000,0.7,2022,4,2027,0.700940677734206,"https://www.spotrac.com/redirect/player/16762/"
"208","Green Bay Packers","19069","De'Vondre Campbell","LB",8155877,1.2e+07,1.5,2022,5,2027,0.591088617875516,"https://www.spotrac.com/redirect/player/19069/"
"209","Green Bay Packers","12390","David Bakhtiari","T",28789035,23131034,0.8,2020,4,2025,0.62845956295101,"https://www.spotrac.com/redirect/player/12390/"
"210","Green Bay Packers","29080","Elgton Jenkins","G",6967383,19200000,2.8,2022,4,2027,0.32171711750017,"https://www.spotrac.com/redirect/player/29080/"
"211","Green Bay Packers","3745","Aaron Rodgers","QB",31623568,99778568,3.2,2022,5,2027,0,"https://www.spotrac.com/redirect/player/3745/"
"212","Green Bay Packers","21924","Aaron Jones","RB",20020000,9580000,0.5,2021,4,2027,0.704782111757314,"https://www.spotrac.com/redirect/player/21924/"
"213","Green Bay Packers","47912","Patrick Taylor","RB",940000,0,0,2022,2,2024,0.911370073379659,"https://www.spotrac.com/redirect/player/47912/"
"214","Green Bay Packers","3448","Mason Crosby","K",1005000,1005000,1,2020,3,2026,0.554176849097947,"https://www.spotrac.com/redirect/player/3448/"
"215","Green Bay Packers","14602","Pat O'Donnell","P",2375000,475000,0.2,2022,2,2024,0.912009059469608,"https://www.spotrac.com/redirect/player/14602/"
"216","Green Bay Packers","77833","Jack Coco","LS",870000,0,0,2022,3,2025,0.929900669988192,"https://www.spotrac.com/redirect/player/77833/"
"217","Green Bay Packers","4160","Marcedes Lewis","TE",1050000,1050000,1,2021,2,2025,0.672050988985083,"https://www.spotrac.com/redirect/player/4160/"
"218","Green Bay Packers",NA,"Robert Tonyan","TE",NA,5e+05,0,2022,1,2024,0.848641184803497,NA
"219","Green Bay Packers","7783","Randall Cobb","WR",1391666,1391666,1,2022,1,2024,0.564072285992456,"https://www.spotrac.com/redirect/player/7783/"
"220","Houston Texans","16824","Steven Nelson","CB",5632353,1750000,0.3,2022,2,2024,0.801877599198452,"https://www.spotrac.com/redirect/player/16824/"
"221","Houston Texans","19060","Eric Murray","FS",5357500,1357500,0.3,2022,2,2024,0.777848915269865,"https://www.spotrac.com/redirect/player/19060/"
"222","Houston Texans","21893","Desmond King","CB",4455695,1455695,0.3,2022,2,2024,0.78459441806616,"https://www.spotrac.com/redirect/player/21893/"
"223","Houston Texans","48046","Grayland Arnold","DB",1010000,0,0,2022,2,2024,0.862391742955572,"https://www.spotrac.com/redirect/player/48046/"
"224","Houston Texans","77437","Jacobi Francis","DB",870000,0,0,2022,2,2024,0.882979453464912,"https://www.spotrac.com/redirect/player/77437/"
"225","Houston Texans","6540","Jerry Hughes","DE",6250000,1250000,0.2,2022,2,2024,0.829633062409828,"https://www.spotrac.com/redirect/player/6540/"
"226","Houston Texans","8871","Mario Addison","DE",4423521,1e+06,0.2,2022,2,2024,0.832522406291604,"https://www.spotrac.com/redirect/player/8871/"
"227","Houston Texans","19016","Maliek Collins","DT",9852941,5500000,0.6,2022,2,2026,0.685927613609849,"https://www.spotrac.com/redirect/player/19016/"
"228","Houston Texans","77441","Kurt Hinish","DT",878333,16667,0,2022,3,2025,0.853648828559272,"https://www.spotrac.com/redirect/player/77441/"
"229","Houston Texans","14481","Christian Kirksey","OLB",6250000,1e+06,0.2,2022,2,2024,0.801185690653099,"https://www.spotrac.com/redirect/player/14481/"
"230","Houston Texans","21866","Jalen Reeves-Maybin","OLB",4250000,2e+06,0.5,2022,2,2024,0.778587650764611,"https://www.spotrac.com/redirect/player/21866/"
"231","Houston Texans","29205","Blake Cashman","LB",1607353,675000,0.4,2022,1,2024,0.797823535870654,"https://www.spotrac.com/redirect/player/29205/"
"232","Houston Texans","77440","Jake Hansen","OLB",872500,5000,0,2022,3,2025,0.856814345017587,"https://www.spotrac.com/redirect/player/77440/"
"233","Houston Texans","14474","Justin Britt","C",4058824,1e+06,0.2,2022,2,2024,0.821216321936892,"https://www.spotrac.com/redirect/player/14474/"
"234","Houston Texans","16791","A.J. Cann","G",6220588,2e+06,0.3,2022,2,2024,0.800705815341962,"https://www.spotrac.com/redirect/player/16791/"
"235","Houston Texans","18961","Laremy Tunsil","T",35210834,16710834,0.5,2020,3,2024,0.718277769390192,"https://www.spotrac.com/redirect/player/18961/"
"236","Houston Texans","22189","Dare Ogunbowale","RB",1550000,150000,0.1,2022,1,2024,0.858952384258717,"https://www.spotrac.com/redirect/player/22189/"
"237","Houston Texans","19289","Ka'imi Fairbairn","K",5657500,2007500,0.4,2020,4,2024,0.697690058880852,"https://www.spotrac.com/redirect/player/19289/"
"238","Houston Texans","22053","Cameron Johnston","P",3454058,965834,0.3,2021,3,2024,0.800628611427552,"https://www.spotrac.com/redirect/player/22053/"
"239","Houston Texans","21993","Mason Schreck","TE",940000,0,0,2023,1,2024,0.882979453464912,"https://www.spotrac.com/redirect/player/21993/"
"240","Houston Texans","14429","Brandin Cooks","WR",26463302,34220742,1.3,2022,2,2025,0.536900039802907,"https://www.spotrac.com/redirect/player/14429/"
"241","Indianapolis Colts","9820","Stephon Gilmore","CB",12920000,2e+06,0.2,2022,2,2024,0.802513705040781,"https://www.spotrac.com/redirect/player/9820/"
"242","Indianapolis Colts","22037","Kenny Moore","CB",7671471,0,0,2019,4,2024,0.749119757543344,"https://www.spotrac.com/redirect/player/22037/"
"243","Indianapolis Colts","77460","Trevor Denbow","DB",870000,0,0,2023,1,2024,0.882470918572002,"https://www.spotrac.com/redirect/player/77460/"
"244","Indianapolis Colts","77450","Dallis Flowers","CB",871666,3334,0,2022,3,2025,0.850401637405248,"https://www.spotrac.com/redirect/player/77450/"
"245","Indianapolis Colts","18955","DeForest Buckner","DT",19750000,0,0,2020,4,2025,0.808617068969585,"https://www.spotrac.com/redirect/player/18955/"
"246","Indianapolis Colts",NA,"Yannick Ngakoue","DE",NA,NA,0,2021,2,2026,0.80969826625663,NA
"247","Indianapolis Colts","21886","Grover Stewart","DT",10875000,1250000,0.1,2020,3,2024,0.730421651211628,"https://www.spotrac.com/redirect/player/21886/"
"248","Indianapolis Colts","48192","Kameron Cline","DE",870000,0,0,2022,2,2024,0.828987832597941,"https://www.spotrac.com/redirect/player/48192/"
"249","Indianapolis Colts","48199","Chris Williams","DT",940000,0,0,2023,1,2024,0.828987832597941,"https://www.spotrac.com/redirect/player/48199/"
"250","Indianapolis Colts","25135","Shaquille Leonard","MLB",19790000,2.4e+07,1.2,2021,5,2027,0.374381601818425,"https://www.spotrac.com/redirect/player/25135/"
"251","Indianapolis Colts","25336","Zaire Franklin","OLB",3e+06,9e+05,0.3,2022,3,2025,0.641891413605153,"https://www.spotrac.com/redirect/player/25336/"
"252","Indianapolis Colts",NA,"JoJo Domann","OLB",NA,NA,0,2022,3,2025,0.855729375584971,NA
"253","Indianapolis Colts","18966","Ryan Kelly","C",12375000,4500000,0.4,2020,4,2025,0.589446528711766,"https://www.spotrac.com/redirect/player/18966/"
"254","Indianapolis Colts","25101","Quenton Nelson","G",12200000,30800000,2.5,2022,4,2027,0,"https://www.spotrac.com/redirect/player/25101/"
"255","Indianapolis Colts","25136","Braden Smith","T",1.9e+07,1.9e+07,1,2021,4,2026,0.428098676293622,"https://www.spotrac.com/redirect/player/25136/"
"256","Indianapolis Colts","3983","Matt Ryan","QB",35205882,1.8e+07,0.5,2018,5,2024,0.748852342113473,"https://www.spotrac.com/redirect/player/3983/"
"257","Indianapolis Colts","9898","Nick Foles","QB",3600000,1500000,0.4,2022,2,2024,0.77550474662388,"https://www.spotrac.com/redirect/player/9898/"
"258","Indianapolis Colts","72767","Deon Jackson","RB",940000,0,0,2023,1,2024,0.849846236127825,"https://www.spotrac.com/redirect/player/72767/"
"259","Indianapolis Colts","19602","Luke Rhodes","LS",1200000,0,0,2019,4,2024,0.74876320363685,"https://www.spotrac.com/redirect/player/19602/"
"260","Indianapolis Colts","21731","Mo Alie-Cox","TE",5310000,2390000,0.5,2022,3,2025,0.574660028471878,"https://www.spotrac.com/redirect/player/21731/"
"261","Indianapolis Colts","75658","Nikola Kalinic","TE",870000,0,0,2022,1,2024,0.882470918572002,"https://www.spotrac.com/redirect/player/75658/"
"262","Jacksonville Jaguars","21832","Shaquill Griffin","CB",17147055,4e+06,0.2,2021,3,2024,0.878642564746701,"https://www.spotrac.com/redirect/player/21832/"
"263","Jacksonville Jaguars","21855","Rayshawn Jenkins","SS",10250000,4e+06,0.4,2021,4,2025,0.791008374166156,"https://www.spotrac.com/redirect/player/21855/"
"264","Jacksonville Jaguars","25661","Darious Williams","CB",12500000,1.2e+07,1,2022,3,2025,0.684225264721022,"https://www.spotrac.com/redirect/player/25661/"
"265","Jacksonville Jaguars","19399","Roy Robertson-Harris","DT",10133334,2333334,0.2,2021,3,2024,0.864803752630362,"https://www.spotrac.com/redirect/player/19399/"
"266","Jacksonville Jaguars","21947","Jeremiah Ledbetter","DE",870000,0,0,2022,2,2024,0.92279662523544,"https://www.spotrac.com/redirect/player/21947/"
"267","Jacksonville Jaguars",NA,"Folorunso Fatukasi","DT",NA,NA,0,2022,3,2025,0.913027539352306,NA
"268","Jacksonville Jaguars","25301","Foyesade Oluokun","LB",19166666,22333334,1.2,2022,3,2025,0.636097338788296,"https://www.spotrac.com/redirect/player/25301/"
"269","Jacksonville Jaguars","72681","Caleb Johnson","LB",940000,0,0,2021,3,2024,0.944873655479809,"https://www.spotrac.com/redirect/player/72681/"
"270","Jacksonville Jaguars",NA,"De'Shaan Dixon","OLB",NA,NA,0,2022,3,2025,0.92279662523544,NA
"271","Jacksonville Jaguars","14931","Tyler Shatley","G",3450000,5e+05,0.1,2022,2,2024,0.729378601315559,"https://www.spotrac.com/redirect/player/14931/"
"272","Jacksonville Jaguars","16729","Brandon Scherff","G",20941184,23500000,1.1,2022,3,2025,0.65849971474153,"https://www.spotrac.com/redirect/player/16729/"
"273","Jacksonville Jaguars","21775","Cam Robinson","T",22117638,2.6e+07,1.2,2022,3,2025,0.525977775900216,"https://www.spotrac.com/redirect/player/21775/"
"274","Jacksonville Jaguars","72853","Coy Cronk","T",870000,0,0,2023,1,2024,0.92279662523544,"https://www.spotrac.com/redirect/player/72853/"
"275","Jacksonville Jaguars","25348","Logan Cooke","P",2600000,1800000,0.7,2021,4,2026,0.657872262303006,"https://www.spotrac.com/redirect/player/25348/"
"276","Jacksonville Jaguars","47939","Ross Matiscik","LS",1120000,440000,0.4,2022,4,2027,0.746180383280484,"https://www.spotrac.com/redirect/player/47939/"
"277","Jacksonville Jaguars","21778","Zay Jones","WR",10553909,10666668,1,2022,3,2025,0.682623066210305,"https://www.spotrac.com/redirect/player/21778/"
"278","Jacksonville Jaguars","21907","Jamal Agnew","WR",5881373,1166668,0.2,2021,3,2024,0.875434902117078,"https://www.spotrac.com/redirect/player/21907/"
"279","Jacksonville Jaguars","25146","Christian Kirk","WR",2.3e+07,30500000,1.3,2022,4,2026,0.594116122855187,"https://www.spotrac.com/redirect/player/25146/"
"280","Kansas City Chiefs","25167","Justin Reid","SS",12700000,15950000,1.3,2022,3,2025,0.589641398909189,"https://www.spotrac.com/redirect/player/25167/"
"281","Kansas City Chiefs","16787","Frank Clark","DE",30175000,9075000,0.3,2022,2,2024,0.763668235740417,"https://www.spotrac.com/redirect/player/16787/"
"282","Kansas City Chiefs","18985","Chris Jones","DT",28291668,7041667,0.2,2020,4,2024,0.740695550125287,"https://www.spotrac.com/redirect/player/18985/"
"283","Kansas City Chiefs","72745","Malik Herring","DE",878334,8334,0,2021,3,2024,0.884107146620582,"https://www.spotrac.com/redirect/player/72745/"
"284","Kansas City Chiefs","77563","Jack Cochrane","LB",870000,0,0,2022,2,2024,0.905182406373159,"https://www.spotrac.com/redirect/player/77563/"
"285","Kansas City Chiefs","19028","Joe Thuney","G",22116250,34848750,1.6,2021,5,2026,0.484073922093443,"https://www.spotrac.com/redirect/player/19028/"
"286","Kansas City Chiefs","21751","Patrick Mahomes","QB",46793381,94880143,2,2020,10,2032,0.210220169910963,"https://www.spotrac.com/redirect/player/21751/"
"287","Kansas City Chiefs","12774","James Winchester","LS",1320000,155000,0.1,2021,2,2024,0.736580328352547,"https://www.spotrac.com/redirect/player/12774/"
"288","Kansas City Chiefs","21975","Harrison Butker","K",5105266,2157592,0.4,2019,5,2025,0.715505068599971,"https://www.spotrac.com/redirect/player/21975/"
"289","Kansas City Chiefs","12344","Travis Kelce","TE",14801666,7655000,0.5,2020,4,2026,0.572215486766401,"https://www.spotrac.com/redirect/player/12344/"
"290","Kansas City Chiefs","25275","Marquez Valdes-Scantling","WR",1.1e+07,4e+06,0.4,2022,3,2025,0.785741144785925,"https://www.spotrac.com/redirect/player/25275/"
"291","Las Vegas Raiders","47996","Tyler Hall","CB",1010000,0,0,2022,2,2024,0.811809318894872,"https://www.spotrac.com/redirect/player/47996/"
"292","Las Vegas Raiders","77471","Isaiah Pola-Mao","FS",870000,0,0,2022,2,2024,0.808170525916089,"https://www.spotrac.com/redirect/player/77471/"
"293","Las Vegas Raiders","77466","Sam Webb","CB",875000,10000,0,2022,3,2025,0.769810930683517,"https://www.spotrac.com/redirect/player/77466/"
"294","Las Vegas Raiders","9831","Chandler Jones","DE",19312000,25600000,1.3,2022,3,2027,0.265688618513364,"https://www.spotrac.com/redirect/player/9831/"
"295","Las Vegas Raiders","25246","Bilal Nichols","DT",6687500,3562500,0.5,2022,2,2024,0.62564964462166,"https://www.spotrac.com/redirect/player/25246/"
"296","Las Vegas Raiders","29154","Maxx Crosby","DE",20482000,20450000,1,2022,4,2027,0.259819563898232,"https://www.spotrac.com/redirect/player/29154/"
"297","Las Vegas Raiders","77472","Darien Butler","MLB",875000,10000,0,2022,3,2025,0.779267267865107,"https://www.spotrac.com/redirect/player/77472/"
"298","Las Vegas Raiders","77723","Luke Masterson","OLB",873333,6667,0,2022,3,2025,0.769121804897004,"https://www.spotrac.com/redirect/player/77723/"
"299","Las Vegas Raiders","25110","Kolton Miller","T",17650000,24350000,1.4,2021,3,2026,0.128426247269818,"https://www.spotrac.com/redirect/player/25110/"
"300","Las Vegas Raiders","29367","Andre James","C",6980000,1920000,0.3,2021,2,2027,0.486388808597227,"https://www.spotrac.com/redirect/player/29367/"
"301","Las Vegas Raiders","14445","Derek Carr","QB",34875000,5625000,0.2,2022,3,2026,0.389348412426469,"https://www.spotrac.com/redirect/player/14445/"
"302","Las Vegas Raiders","11105","Brandon Bolden","RB",2850000,625000,0.2,2022,2,2024,0.744121852752962,"https://www.spotrac.com/redirect/player/11105/"
"303","Las Vegas Raiders","25268","Daniel Carlson","K",4250000,2400000,0.6,2021,4,2026,0.421304706537698,"https://www.spotrac.com/redirect/player/25268/"
"304","Las Vegas Raiders","25598","Trent Sieg","LS",1080000,0,0,2021,3,2024,0.681641114775814,"https://www.spotrac.com/redirect/player/25598/"
"305","Las Vegas Raiders","16930","Darren Waller","TE",12040000,8910000,0.7,2022,3,2027,0.356220604478169,"https://www.spotrac.com/redirect/player/16930/"
"306","Las Vegas Raiders","14463","Davante Adams","WR",14740000,31400000,2.1,2022,5,2027,0,"https://www.spotrac.com/redirect/player/14463/"
"307","Las Vegas Raiders","29197","Hunter Renfrow","WR",13126000,11664000,0.9,2022,2,2027,0.303795360269218,"https://www.spotrac.com/redirect/player/29197/"
"308","Los Angeles Chargers","22246","Michael Davis","CB",9400000,2e+06,0.2,2021,3,2024,0.765660300847703,"https://www.spotrac.com/redirect/player/22246/"
"309","Los Angeles Chargers","25112","Derwin James","FS",9106400,30425600,3.3,2022,4,2027,0.0445599281673007,"https://www.spotrac.com/redirect/player/25112/"
"310","Los Angeles Chargers","25958","J.C. Jackson","CB",1.7e+07,3.2e+07,1.9,2022,5,2027,0.456062814992179,"https://www.spotrac.com/redirect/player/25958/"
"311","Los Angeles Chargers","77289","Raheem Layne","DB",870000,0,0,2022,2,2024,0.933981983895572,"https://www.spotrac.com/redirect/player/77289/"
"312","Los Angeles Chargers","18992","Austin Johnson","NT",9500000,6125000,0.6,2022,2,2024,0.803640392376465,"https://www.spotrac.com/redirect/player/18992/"
"313","Los Angeles Chargers","48121","David Moa","DT",870000,0,0,2023,1,2024,0.933981983895572,"https://www.spotrac.com/redirect/player/48121/"
"314","Los Angeles Chargers","77530","Christopher Hinton","DT",870000,0,0,2022,2,2024,0.933981983895572,"https://www.spotrac.com/redirect/player/77530/"
"315","Los Angeles Chargers","14414","Khalil Mack","OLB",27400000,9e+06,0.3,2018,6,2025,0.850985768629193,"https://www.spotrac.com/redirect/player/14414/"
"316","Los Angeles Chargers","18951","Joey Bosa","OLB",3.1e+07,3.8e+07,1.2,2020,5,2026,0.521233610751733,"https://www.spotrac.com/redirect/player/18951/"
"317","Los Angeles Chargers","72678","Amen Ogbongbemiga","LB",945000,5000,0,2021,3,2024,0.911980805993782,"https://www.spotrac.com/redirect/player/72678/"
"318","Los Angeles Chargers","14572","Corey Linsley","C",13100000,7800000,0.6,2021,5,2026,0.718918357889045,"https://www.spotrac.com/redirect/player/14572/"
"319","Los Angeles Chargers","14895","Matt Feiler","G",8500000,2e+06,0.2,2021,3,2024,0.847135864213026,"https://www.spotrac.com/redirect/player/14895/"
"320","Los Angeles Chargers","22247","Austin Ekeler","RB",7750000,1500000,0.2,2020,4,2024,0.79022003591635,"https://www.spotrac.com/redirect/player/22247/"
"321","Los Angeles Chargers","10144","Josh Harris","LS",1365000,6e+05,0.4,2022,4,2026,0.803640392376465,"https://www.spotrac.com/redirect/player/10144/"
"322","Los Angeles Chargers","12459","Dustin Hopkins","K",3086045,1600000,0.5,2022,3,2025,0.781916793789947,"https://www.spotrac.com/redirect/player/12459/"
"323","Los Angeles Chargers","21785","Gerald Everett","TE",8e+06,4e+06,0.5,2022,2,2024,0.812598182146553,"https://www.spotrac.com/redirect/player/21785/"
"324","Los Angeles Chargers","77282","Stone Smartt","TE",871666,3334,0,2022,3,2025,0.912258385309054,"https://www.spotrac.com/redirect/player/77282/"
"325","Los Angeles Chargers","12357","Keenan Allen","WR",21700000,6900000,0.3,2020,4,2025,0.656848112109568,"https://www.spotrac.com/redirect/player/12357/"
"326","Los Angeles Chargers","21748","Mike Williams","WR",1.9e+07,2.6e+07,1.4,2022,3,2025,0.483100340002169,"https://www.spotrac.com/redirect/player/21748/"
"327","Los Angeles Rams","17199","Troy Hill","CB",2e+06,2e+06,1,2021,2,2025,0.404249890922211,"https://www.spotrac.com/redirect/player/17199/"
"328","Los Angeles Rams","18953","Jalen Ramsey","CB",25200000,32100000,1.3,2020,5,2026,0.42809361391497,"https://www.spotrac.com/redirect/player/18953/"
"329","Los Angeles Rams","48082","T.J. Carter","DB",750000,0,0,2023,2,2025,0.882428826742518,"https://www.spotrac.com/redirect/player/48082/"
"330","Los Angeles Rams","77407","T.J. Carter","DB",750000,0,0,2023,2,2025,0.882428826742518,"https://www.spotrac.com/redirect/player/77407/"
"331","Los Angeles Rams","14422","Aaron Donald","DT",2.6e+07,4.4e+07,1.7,2022,3,2027,0.136509804415133,"https://www.spotrac.com/redirect/player/14422/"
"332","Los Angeles Rams","18995","A'Shawn Robinson","DT",1500000,1500000,1,2020,3,2024,0.59903843733481,"https://www.spotrac.com/redirect/player/18995/"
"333","Los Angeles Rams","48015","Jonah Williams","DT",940000,0,0,2022,2,2024,0.847025086842701,"https://www.spotrac.com/redirect/player/48015/"
"334","Los Angeles Rams","9857","Bobby Wagner","LB",12750000,7500000,0.6,2022,5,2027,0.641928033830896,"https://www.spotrac.com/redirect/player/9857/"
"335","Los Angeles Rams","18957","Leonard Floyd","OLB",2.2e+07,1.9e+07,0.9,2021,4,2027,0.511899967276663,"https://www.spotrac.com/redirect/player/18957/"
"336","Los Angeles Rams","77421","Keir Thomas","OLB",870000,0,0,2022,3,2025,0.882428826742518,"https://www.spotrac.com/redirect/player/77421/"
"337","Los Angeles Rams","77412","Jake Hummel","LB",871666,3334,0,2022,3,2025,0.882428826742518,"https://www.spotrac.com/redirect/player/77412/"
"338","Los Angeles Rams","16781","Rob Havenstein","T",9703294,20878508,2.2,2022,3,2028,0,"https://www.spotrac.com/redirect/player/16781/"
"339","Los Angeles Rams","25188","Joseph Noteboom","T",15500000,1.3e+07,0.8,2022,3,2027,0.507998338661364,"https://www.spotrac.com/redirect/player/25188/"
"340","Los Angeles Rams","25212","Brian Allen","C",6211768,4200000,0.7,2022,3,2027,0.534743373524303,"https://www.spotrac.com/redirect/player/25212/"
"341","Los Angeles Rams","25548","Coleman Shelton","G",2750000,250000,0.1,2022,2,2024,0.777094535590017,"https://www.spotrac.com/redirect/player/25548/"
"342","Los Angeles Rams","72752","Alaric Jackson","T",946667,6667,0,2021,3,2024,0.882428826742518,"https://www.spotrac.com/redirect/player/72752/"
"343","Los Angeles Rams","77233","Ronnie Rivers","RB",870000,0,0,2022,2,2024,0.909173861605457,"https://www.spotrac.com/redirect/player/77233/"
"344","Los Angeles Rams","19064","Tyler Higbee","TE",9125000,5225000,0.6,2019,4,2027,0.511616784554585,"https://www.spotrac.com/redirect/player/19064/"
"345","Los Angeles Rams","48000","Jared Pinkney","TE",940000,0,0,2022,2,2024,0.909173861605457,"https://www.spotrac.com/redirect/player/48000/"
"346","Los Angeles Rams","14471","Allen Robinson","WR",18050000,26450000,1.5,2022,3,2027,0.403585722556448,"https://www.spotrac.com/redirect/player/14471/"
"347","Los Angeles Rams","21811","Cooper Kupp","WR",27800000,29400000,1.1,2022,3,2027,0.401018199209606,"https://www.spotrac.com/redirect/player/21811/"
"348","Los Angeles Rams","72714","Austin Trammell","WR",870000,0,0,2022,3,2025,0.882428826742518,"https://www.spotrac.com/redirect/player/72714/"
"349","Los Angeles Rams","77415","Lance McCutcheon","WR",870000,0,0,2022,3,2025,0.87980781332595,"https://www.spotrac.com/redirect/player/77415/"
"350","Miami Dolphins","18986","Xavien Howard","CB",10071281,33076562,3.3,2022,5,2028,0,"https://www.spotrac.com/redirect/player/18986/"
"351","Miami Dolphins","25344","Keion Crossen","CB",3140000,0,0,2022,3,2025,0.897463319475308,"https://www.spotrac.com/redirect/player/25344/"
"352","Miami Dolphins","77486","Kader Kohou","CB",880000,20000,0,2022,3,2025,0.886894269355319,"https://www.spotrac.com/redirect/player/77486/"
"353","Miami Dolphins","77538","Verone McKinley","SS",870000,0,0,2022,2,2024,0.919396962343202,"https://www.spotrac.com/redirect/player/77538/"
"354","Miami Dolphins","18980","Emmanuel Ogbah","DE",17185292,2.1e+07,1.2,2022,4,2026,0.589334977511126,"https://www.spotrac.com/redirect/player/18980/"
"355","Miami Dolphins","25339","Zach Sieler","DT",3198520,250000,0.1,2020,3,2024,0.846969674346816,"https://www.spotrac.com/redirect/player/25339/"
"356","Miami Dolphins","25100","Bradley Chubb","OLB",22197489,30189956,1.4,2022,5,2028,0.547176572574377,"https://www.spotrac.com/redirect/player/25100/"
"357","Miami Dolphins","25172","Jerome Baker","LB",12766111,8714444,0.7,2021,3,2027,0.612650917574756,"https://www.spotrac.com/redirect/player/25172/"
"358","Miami Dolphins","12356","Terron Armstead","T",21114706,26600000,1.3,2022,5,2027,0.570694939899806,"https://www.spotrac.com/redirect/player/12356/"
"359","Miami Dolphins","25149","Connor Williams","G",8345576,3375000,0.4,2022,2,2024,0.821206204663247,"https://www.spotrac.com/redirect/player/25149/"
"360","Miami Dolphins","29570","Lester Cotton","G",870000,0,0,2023,2,2025,0.905523014536745,"https://www.spotrac.com/redirect/player/29570/"
"361","Miami Dolphins","72765","Robert Jones","G",950000,10000,0,2021,3,2024,0.89476022174701,"https://www.spotrac.com/redirect/player/72765/"
"362","Miami Dolphins","29338","Alec Ingold","FB",3730000,750000,0.2,2022,2,2024,0.876316608450008,"https://www.spotrac.com/redirect/player/29338/"
"363","Miami Dolphins","25330","Jason Sanders","K",3775000,0,0,2021,5,2027,0.779047799726497,"https://www.spotrac.com/redirect/player/25330/"
"364","Miami Dolphins","22128","Cethan Carter","TE",2320000,5e+05,0.2,2021,3,2024,0.863364609599996,"https://www.spotrac.com/redirect/player/22128/"
"365","Miami Dolphins","25224","Durham Smythe","TE",4250000,750000,0.2,2022,2,2024,0.787975461948397,"https://www.spotrac.com/redirect/player/25224/"
"366","Miami Dolphins","19119","Tyreek Hill","WR",31450000,46400000,1.5,2022,4,2027,0.531015850681956,"https://www.spotrac.com/redirect/player/19119/"
"367","Miami Dolphins","77481","Tanner Conner","WR",871666,3334,0,2022,3,2025,0.904939282776082,"https://www.spotrac.com/redirect/player/77481/"
"368","Minnesota Vikings","7720","Patrick Peterson","CB",NA,0,0,2022,1,2024,0.836219925364047,"https://www.spotrac.com/redirect/player/7720/"
"369","Minnesota Vikings","9839","Harrison Smith","SS",19127636,11747652,0.6,2021,4,2026,0.288114833358403,"https://www.spotrac.com/redirect/player/9839/"
"370","Minnesota Vikings","21796","Dalvin Tomlinson","DT",7500000,7500000,1,2021,2,2026,0.459932035645984,"https://www.spotrac.com/redirect/player/21796/"
"371","Minnesota Vikings","25195","Harrison Phillips","DT",6833333,4666667,0.7,2022,3,2025,0.62201760606256,"https://www.spotrac.com/redirect/player/25195/"
"372","Minnesota Vikings","16769","Eric Kendricks","LB",11430000,1930000,0.2,2018,5,2024,0.610861608325991,"https://www.spotrac.com/redirect/player/16769/"
"373","Minnesota Vikings","16808","Jordan Hicks","LB",6500000,1500000,0.2,2022,2,2024,0.808714929339379,"https://www.spotrac.com/redirect/player/16808/"
"374","Minnesota Vikings","16812","Danielle Hunter","OLB",13120000,18860000,1.4,2018,5,2026,0.164782860949352,"https://www.spotrac.com/redirect/player/16812/"
"375","Minnesota Vikings","16848","Za'Darius Smith","OLB",16990186,3333334,0.2,2022,3,2025,0.779951183688122,"https://www.spotrac.com/redirect/player/16848/"
"376","Minnesota Vikings","77497","Luiji Vilain","OLB",876666,13334,0,2022,3,2025,0.866751187227367,"https://www.spotrac.com/redirect/player/77497/"
"377","Minnesota Vikings","77792","William Kwenkeu","LB",870000,0,0,2022,3,2025,0.866751187227367,"https://www.spotrac.com/redirect/player/77792/"
"378","Minnesota Vikings","17242","Chris Reed","G",2750000,250000,0.1,2022,2,2024,0.866751187227367,"https://www.spotrac.com/redirect/player/17242/"
"379","Minnesota Vikings","25161","Brian O'Neill","T",19659688,14441221,0.7,2021,5,2027,0.417068676536949,"https://www.spotrac.com/redirect/player/25161/"
"380","Minnesota Vikings","9915","Kirk Cousins","QB",36250000,48750000,1.3,2022,1,2026,0.255821532687252,"https://www.spotrac.com/redirect/player/9915/"
"381","Minnesota Vikings","19912","C.J. Ham","FB",3800000,750000,0.2,2020,4,2024,0.668557635143363,"https://www.spotrac.com/redirect/player/19912/"
"382","Minnesota Vikings","21782","Dalvin Cook","RB",14101272,6202544,0.4,2020,5,2026,0.553183488407074,"https://www.spotrac.com/redirect/player/21782/"
"383","Minnesota Vikings","77498","Ryan Wright","P",871666,3334,0,2022,3,2025,0.866751187227367,"https://www.spotrac.com/redirect/player/77498/"
"384","Minnesota Vikings","22268","Johnny Mundt","TE",1230000,1e+05,0.1,2022,2,2024,0.854234265208329,"https://www.spotrac.com/redirect/player/22268/"
"385","Minnesota Vikings","13071","Adam Thielen","WR",19967647,13550000,0.7,2022,3,2026,0.290077429428913,"https://www.spotrac.com/redirect/player/13071/"
"386","New England Patriots","6536","Devin McCourty","FS",9700000,9700000,1,2022,1,2027,0.350970489808336,"https://www.spotrac.com/redirect/player/6536/"
"387","New England Patriots","15335","Adrian Phillips","SS",4537500,2375000,0.5,2021,3,2025,0.709802251292972,"https://www.spotrac.com/redirect/player/15335/"
"388","New England Patriots","19187","Jalen Mills","CB",6213230,1250000,0.2,2021,4,2025,0.79000060845756,"https://www.spotrac.com/redirect/player/19187/"
"389","New England Patriots","29453","Tae Hayes","CB",1010000,0,0,2022,2,2024,0.88828719196836,"https://www.spotrac.com/redirect/player/29453/"
"390","New England Patriots","77501","Brenden Schooler","SS",875000,10000,0,2022,3,2025,0.867599634925464,"https://www.spotrac.com/redirect/player/77501/"
"391","New England Patriots","7956","Lawrence Guy","DT",3514699,5e+05,0.1,2021,4,2025,0.732229127732626,"https://www.spotrac.com/redirect/player/7956/"
"392","New England Patriots","21873","Deatrich Wise","DE",8700000,4400000,0.5,2021,4,2025,0.645451779738363,"https://www.spotrac.com/redirect/player/21873/"
"393","New England Patriots","21920","Davon Godchaux","NT",10500000,12850000,1.2,2022,2,2025,0.598661393367813,"https://www.spotrac.com/redirect/player/21920/"
"394","New England Patriots","77505","DaMarcus Mitchell","DE",878333,16667,0,2022,3,2025,0.867509126863401,"https://www.spotrac.com/redirect/player/77505/"
"395","New England Patriots","19100","Matt Judon","OLB",17607222,11214446,0.6,2021,4,2025,0.707027684818984,"https://www.spotrac.com/redirect/player/19100/"
"396","New England Patriots","22047","Calvin Munson","LB",1010000,0,0,2023,1,2024,0.805536963796775,"https://www.spotrac.com/redirect/player/22047/"
"397","New England Patriots",NA,"Ja'Whaun Bentley","LB",NA,NA,0,2022,2,2024,0.78899908731366,NA
"398","New England Patriots","29079","Jahlani Tavai","LB",2258333,1716668,0.8,2022,2,2025,0.671092181320353,"https://www.spotrac.com/redirect/player/29079/"
"399","New England Patriots","17251","David Andrews","C",6998522,3850000,0.6,2021,4,2025,0.579318527532705,"https://www.spotrac.com/redirect/player/17251/"
"400","New England Patriots","7035","Brian Hoyer","QB",1934116,1640000,0.8,2022,2,2024,0.453848494067539,"https://www.spotrac.com/redirect/player/7035/"
"401","New England Patriots","2418","Nick Folk","K",2785000,585000,0.2,2022,2,2024,0.784849406753879,"https://www.spotrac.com/redirect/player/2418/"
"402","New England Patriots","29211","Jake Bailey","P",3175000,4485000,1.4,2022,3,2026,0.495223608153331,"https://www.spotrac.com/redirect/player/29211/"
"403","New England Patriots","79990","Tucker Addington","LS",870000,0,0,2022,3,2025,0.867599634925464,"https://www.spotrac.com/redirect/player/79990/"
"404","New England Patriots","18983","Hunter Henry","TE",15500000,5e+06,0.3,2021,3,2024,0.789899604502586,"https://www.spotrac.com/redirect/player/18983/"
"405","New England Patriots","21842","Jonnu Smith","TE",17228522,19060000,1.1,2021,4,2025,0.609418923030119,"https://www.spotrac.com/redirect/player/21842/"
"406","New England Patriots","29318","Matt Sokol","TE",870000,0,0,2023,1,2024,0.88828719196836,"https://www.spotrac.com/redirect/player/29318/"
"407","New England Patriots","16738","DeVante Parker","WR",6206250,0,0,2019,3,2024,0.89468442114624,"https://www.spotrac.com/redirect/player/16738/"
"408","New England Patriots","16820","Ty Montgomery","WR",1580000,150000,0.1,2022,2,2024,0.867599634925464,"https://www.spotrac.com/redirect/player/16820/"
"409","New England Patriots","22372","Kendrick Bourne","WR",6872539,1416667,0.2,2021,3,2024,0.81707027684819,"https://www.spotrac.com/redirect/player/22372/"
"410","New England Patriots","77593","Raleigh Webb","WR",870000,0,0,2022,2,2024,0.888245816854274,"https://www.spotrac.com/redirect/player/77593/"
"411","New Orleans Saints","12350","Tyrann Mathieu","FS",8900000,14600000,1.6,2022,3,2027,0.512454540859354,"https://www.spotrac.com/redirect/player/12350/"
"412","New Orleans Saints","14440","Bradley Roby","CB",2581900,2581900,1,2022,3,2027,0.631516509360117,"https://www.spotrac.com/redirect/player/14440/"
"413","New Orleans Saints","21752","Marshon Lattimore","CB",22464400,43006800,1.9,2021,5,2027,0.354122382524535,"https://www.spotrac.com/redirect/player/21752/"
"414","New Orleans Saints","21780","Marcus Maye","FS",8497060,11950000,1.4,2022,3,2027,0.55798019085523,"https://www.spotrac.com/redirect/player/21780/"
"415","New Orleans Saints","7739","Cameron Jordan","DE",25637250,23486500,0.9,2019,3,2027,0.450426258423409,"https://www.spotrac.com/redirect/player/7739/"
"416","New Orleans Saints","19074","David Onyemata","DT",10192555,10192555,1,2020,3,2027,0.544019878314493,"https://www.spotrac.com/redirect/player/19074/"
"417","New Orleans Saints","21801","Tanoh Kpassagnon","DE",1992000,1992000,1,2021,2,2027,0.640043417303605,"https://www.spotrac.com/redirect/player/21801/"
"418","New Orleans Saints","25109","Marcus Davenport","DE",7626938,7626938,1,2018,4,2027,0.591681365232991,"https://www.spotrac.com/redirect/player/25109/"
"419","New Orleans Saints","29375","Carl Granderson","DE",4140000,0,0,2022,2,2025,0.864063701325132,"https://www.spotrac.com/redirect/player/29375/"
"420","New Orleans Saints","9887","Demario Davis","LB",13276000,13104000,1,2022,3,2028,0.535027814210122,"https://www.spotrac.com/redirect/player/9887/"
"421","New Orleans Saints","14676","James Hurst","T",6761000,2044000,0.3,2022,1,2027,0.761767333001673,"https://www.spotrac.com/redirect/player/14676/"
"422","New Orleans Saints","16737","Andrus Peat","G",18371000,16984000,0.9,2020,5,2027,0.53870759515009,"https://www.spotrac.com/redirect/player/16737/"
"423","New Orleans Saints","21773","Ryan Ramczyk","T",21441321,39965286,1.9,2021,5,2027,0.332653995748722,"https://www.spotrac.com/redirect/player/21773/"
"424","New Orleans Saints","29084","Erik McCoy","C",12680000,17480000,1.4,2022,5,2028,0.468318936276062,"https://www.spotrac.com/redirect/player/29084/"
"425","New Orleans Saints","77147","Lewis Kidd","G",871666,3334,0,2022,3,2025,0.939786322853574,"https://www.spotrac.com/redirect/player/77147/"
"426","New Orleans Saints","16725","Jameis Winston","QB",15600000,11200000,0.7,2022,2,2027,0.69332006693501,"https://www.spotrac.com/redirect/player/16725/"
"427","New Orleans Saints","19190","Dwayne Washington","RB",940000,0,0,2022,1,2024,0.872925240830356,"https://www.spotrac.com/redirect/player/19190/"
"428","New Orleans Saints","21809","Alvin Kamara","RB",16034165,19372000,1.2,2020,5,2027,0.519258890748195,"https://www.spotrac.com/redirect/player/21809/"
"429","New Orleans Saints","72782","Adam Prentice","FB",940000,0,0,2022,2,2024,0.93791243354809,"https://www.spotrac.com/redirect/player/72782/"
"430","New Orleans Saints","19376","Wil Lutz","K",5620000,1920000,0.3,2019,5,2024,0.783772782777803,"https://www.spotrac.com/redirect/player/19376/"
"431","New Orleans Saints","19873","Zach Wood","LS",1345000,175000,0.1,2020,4,2024,0.851612319659898,"https://www.spotrac.com/redirect/player/19873/"
"432","New Orleans Saints","22021","Taysom Hill","TE",13925000,23775000,1.7,2021,4,2027,0.391688526072995,"https://www.spotrac.com/redirect/player/22021/"
"433","New Orleans Saints","18996","Michael Thomas","WR",13558588,26174352,1.9,2019,5,2027,0.354122382524535,"https://www.spotrac.com/redirect/player/18996/"
"434","New Orleans Saints",NA,"Tre'Quan Smith","WR",NA,NA,0,2022,2,2026,0.819396077367223,NA
"435","New Orleans Saints","29629","Deonte Harty","WR",1439020,1439020,1,2022,1,2027,0.602867351092217,"https://www.spotrac.com/redirect/player/29629/"
"436","New Orleans Saints","77155","Rashid Shaheed","WR",870000,0,0,2022,2,2024,0.955256056563098,"https://www.spotrac.com/redirect/player/77155/"
"437","New York Giants","21759","Adoree' Jackson","CB",19076563,10476667,0.5,2021,3,2025,0.715508017746035,"https://www.spotrac.com/redirect/player/21759/"
"438","New York Giants","72926","Nick McCloud","CB",940000,0,0,2022,2,2024,0.866028166038559,"https://www.spotrac.com/redirect/player/72926/"
"439","New York Giants","77718","Zyon Gilbert","DB",750000,0,0,2023,1,2024,0.876697765389779,"https://www.spotrac.com/redirect/player/77718/"
"440","New York Giants","16730","Leonard Williams","DT",32260000,20220000,0.6,2021,3,2025,0.656201230773425,"https://www.spotrac.com/redirect/player/16730/"
"441","New York Giants","18978","Vernon Butler","DT",940000,0,0,2023,1,2024,0.876697765389779,"https://www.spotrac.com/redirect/player/18978/"
"442","New York Giants","77770","Ryder Anderson","DT",870000,0,0,2022,2,2024,0.876697765389779,"https://www.spotrac.com/redirect/player/77770/"
"443","New York Giants","77730","Tomon Fox","OLB",873333,6667,0,2022,3,2025,0.850721585784999,"https://www.spotrac.com/redirect/player/77730/"
"444","New York Giants","16860","Mark Glowinski","G",8332352,8650000,1,2022,3,2025,0.631826555901602,"https://www.spotrac.com/redirect/player/16860/"
"445","New York Giants","25355","Korey Cunningham","T",940000,0,0,2023,1,2024,0.85625302411798,"https://www.spotrac.com/redirect/player/25355/"
"446","New York Giants","7899","Tyrod Taylor","QB",6900000,5525000,0.8,2022,2,2025,0.692695093943586,"https://www.spotrac.com/redirect/player/7899/"
"447","New York Giants","5474","Graham Gano","K",5547962,2674629,0.5,2020,3,2025,0.733584576487184,"https://www.spotrac.com/redirect/player/5474/"
"448","New York Giants","18989","Sterling Shepard","WR",4245000,4245000,1,2022,2,2024,0.549581905040992,"https://www.spotrac.com/redirect/player/18989/"
"449","New York Giants","21838","Kenny Golladay","WR",21400000,14700000,0.7,2021,4,2026,0.666277567543097,"https://www.spotrac.com/redirect/player/21838/"
"450","New York Jets","19173","Will Parks","FS",940000,0,0,2023,1,2024,0.888455012848393,"https://www.spotrac.com/redirect/player/19173/"
"451","New York Jets","22187","Justin Hardee","CB",2335280,0,0,2021,3,2024,0.893140622702197,"https://www.spotrac.com/redirect/player/22187/"
"452","New York Jets","25218","Jordan Whitehead","SS",10203076,2982500,0.3,2022,2,2024,0.829176077838403,"https://www.spotrac.com/redirect/player/25218/"
"453","New York Jets","25243","D.J. Reed","CB",14125576,6310000,0.4,2022,3,2025,0.786327751361556,"https://www.spotrac.com/redirect/player/25243/"
"454","New York Jets","77571","Tony Adams","FS",873333,6667,0,2022,3,2025,0.889799506762617,"https://www.spotrac.com/redirect/player/77571/"
"455","New York Jets","21858","Carl Lawson","DE",15333334,333334,0,2021,3,2024,0.880722275222254,"https://www.spotrac.com/redirect/player/21858/"
"456","New York Jets","21931","Tanzel Smart","DT",940000,0,0,2023,1,2024,0.871773020763025,"https://www.spotrac.com/redirect/player/21931/"
"457","New York Jets","25236","John Franklin-Myers","DE",12370576,1200000,0.1,2021,4,2026,0.77427391003234,"https://www.spotrac.com/redirect/player/25236/"
"458","New York Jets","14426","C.J. Mosley","LB",21476000,14904000,0.7,2019,5,2027,0.637194459003742,"https://www.spotrac.com/redirect/player/14426/"
"459","New York Jets","3778","Duane Brown","T",11281882,6304000,0.6,2022,2,2027,0.701081493938933,"https://www.spotrac.com/redirect/player/3778/"
"460","New York Jets","16752","Laken Tomlinson","G",17336464,18520000,1.1,2022,3,2025,0.636767106964958,"https://www.spotrac.com/redirect/player/16752/"
"461","New York Jets","47304","Chris Streveler","QB",1010000,0,0,2023,1,2024,0.91450822464137,"https://www.spotrac.com/redirect/player/47304/"
"462","New York Jets","77545","Zonovan Knight","RB",870000,0,0,2022,2,2024,0.91450822464137,"https://www.spotrac.com/redirect/player/77545/"
"463","New York Jets","22216","Thomas Hennessy","LS",1220000,125000,0.1,2019,4,2024,0.807670214945506,"https://www.spotrac.com/redirect/player/22216/"
"464","New York Jets","16883","C.J. Uzomah","TE",10321666,11643334,1.1,2022,3,2025,0.646387555508631,"https://www.spotrac.com/redirect/player/16883/"
"465","New York Jets","25258","Tyler Conklin","TE",8650093,7276668,0.8,2022,3,2025,0.705746753695653,"https://www.spotrac.com/redirect/player/25258/"
"466","New York Jets","72677","Kenny Yeboah","TE",965000,25000,0,2022,2,2024,0.892200448216874,"https://www.spotrac.com/redirect/player/72677/"
"467","New York Jets","21746","Corey Davis","WR",11166667,666667,0.1,2021,3,2024,0.856815699405604,"https://www.spotrac.com/redirect/player/21746/"
"468","New York Jets","25311","Braxton Berrios","WR",8232500,3232500,0.4,2022,2,2024,0.759304019497308,"https://www.spotrac.com/redirect/player/25311/"
"469","Philadelphia Eagles","12317","Darius Slay","CB",26111000,21265000,0.8,2020,3,2027,0.654277460868719,"https://www.spotrac.com/redirect/player/12317/"
"470","Philadelphia Eagles","19011","James Bradberry","CB",4972000,4972000,1,2022,1,2027,0.633575816097177,"https://www.spotrac.com/redirect/player/19011/"
"471","Philadelphia Eagles","25226","Avonte Maddox","CB",4053965,11828798,2.9,2021,3,2028,0.175796622822321,"https://www.spotrac.com/redirect/player/25226/"
"472","Philadelphia Eagles","77509","Reed Blankenship","SS",871666,3334,0,2022,3,2025,0.874259906901765,"https://www.spotrac.com/redirect/player/77509/"
"473","Philadelphia Eagles","77524","Josh Jobe","CB",873333,6667,0,2022,3,2025,0.882882666388699,"https://www.spotrac.com/redirect/player/77524/"
"474","Philadelphia Eagles","6522","Brandon Graham","DE",9663000,18311000,1.9,2021,2,2027,0.239392562419364,"https://www.spotrac.com/redirect/player/6522/"
"475","Philadelphia Eagles","9822","Fletcher Cox","DT",1e+07,1e+07,1,2022,1,2027,0.447291441832537,"https://www.spotrac.com/redirect/player/9822/"
"476","Philadelphia Eagles","19043","Javon Hargrave","DT",11956000,11956000,1,2020,3,2026,0.639945552949959,"https://www.spotrac.com/redirect/player/19043/"
"477","Philadelphia Eagles","21755","Derek Barnett","DE",3115823,10692000,3.4,2022,2,2028,0.0740431194670517,"https://www.spotrac.com/redirect/player/21755/"
"478","Philadelphia Eagles","25231","Josh Sweat","DE",6057000,19042000,3.1,2021,3,2028,0.140069408944319,"https://www.spotrac.com/redirect/player/25231/"
"479","Philadelphia Eagles",NA,"Robert Quinn","OLB",NA,NA,0,2020,5,2024,0.92198898076096,NA
"480","Philadelphia Eagles","21754","Haason Reddick","OLB",6757000,25972000,3.8,2022,3,2028,0.0791551375782017,"https://www.spotrac.com/redirect/player/21754/"
"481","Philadelphia Eagles","25220","Kyzir White","LB",1172000,1172000,1,2022,1,2027,0.637572115969782,"https://www.spotrac.com/redirect/player/25220/"
"482","Philadelphia Eagles","29509","T.J. Edwards","LB",NA,711000,0,2021,1,2026,0.78830564999716,"https://www.spotrac.com/redirect/player/29509/"
"483","Philadelphia Eagles","72874","Christian Elliss","LB",870000,0,0,2022,2,2024,0.883445987065783,"https://www.spotrac.com/redirect/player/72874/"
"484","Philadelphia Eagles","7910","Jason Kelce","C",11175000,21123000,1.9,2022,1,2027,0.248034307321546,"https://www.spotrac.com/redirect/player/7910/"
"485","Philadelphia Eagles","12284","Lane Johnson","T",24194000,24214000,1,2019,4,2029,0.44173194314443,"https://www.spotrac.com/redirect/player/12284/"
"486","Philadelphia Eagles","19033","Isaac Seumalo","G",7530000,7530000,1,2019,3,2027,0.53718790318,"https://www.spotrac.com/redirect/player/19033/"
"487","Philadelphia Eagles","25334","Jordan Mailata","T",7671000,26128000,3.4,2021,4,2028,0.0751137581808066,"https://www.spotrac.com/redirect/player/25334/"
"488","Philadelphia Eagles","77576","Josh Sills","G",873333,6667,0,2022,3,2025,0.883445987065783,"https://www.spotrac.com/redirect/player/77576/"
"489","Philadelphia Eagles","17196","Rick Lovato","LS",1215000,0,0,2021,3,2024,0.787088502827839,"https://www.spotrac.com/redirect/player/17196/"
"490","Philadelphia Eagles","21895","Jake Elliott","K",5874000,4656000,0.8,2019,5,2027,0.613645031199539,"https://www.spotrac.com/redirect/player/21895/"
"491","Philadelphia Eagles","47944","Arryn Siposs","P",983334,8334,0,2021,3,2024,0.883445987065783,"https://www.spotrac.com/redirect/player/47944/"
"492","Philadelphia Eagles","25148","Dallas Goedert","TE",6600732,22703328,3.4,2021,4,2028,0.075915207732246,"https://www.spotrac.com/redirect/player/25148/"
"493","Philadelphia Eagles","72712","Jack Stoll","TE",947500,7500,0,2021,3,2024,0.874347811975105,"https://www.spotrac.com/redirect/player/72712/"
"494","Philadelphia Eagles","29087","A.J. Brown","WR",8318894,34462200,4.1,2022,4,2029,0,"https://www.spotrac.com/redirect/player/29087/"
"495","Philadelphia Eagles","77514","Britain Covey","WR",870000,0,0,2022,2,2024,0.902403054227964,"https://www.spotrac.com/redirect/player/77514/"
"496","Pittsburgh Steelers","19065","Miles Killebrew","SS",2482500,482500,0.2,2022,2,2024,0.848703441213909,"https://www.spotrac.com/redirect/player/19065/"
"497","Pittsburgh Steelers","21808","Ahkello Witherspoon","CB",5482500,1482500,0.3,2022,2,2024,0.827644617877229,"https://www.spotrac.com/redirect/player/21808/"
"498","Pittsburgh Steelers","21836","Cameron Sutton","CB",2100000,2100000,1,2021,2,2026,0.530833124460412,"https://www.spotrac.com/redirect/player/21836/"
"499","Pittsburgh Steelers","22427","Arthur Maulet","CB",2290000,5e+05,0.2,2022,2,2024,0.839495686810304,"https://www.spotrac.com/redirect/player/22427/"
"500","Pittsburgh Steelers","25106","Minkah Fitzpatrick","FS",1.8e+07,28500000,1.6,2022,4,2027,0.423160703276493,"https://www.spotrac.com/redirect/player/25106/"
"501","Pittsburgh Steelers","25587","Levi Wallace","CB",5482500,1482500,0.3,2022,2,2024,0.832287330505767,"https://www.spotrac.com/redirect/player/25587/"
"502","Pittsburgh Steelers","48057","Elijah Riley","DB",1010000,0,0,2022,2,2024,0.912832005556839,"https://www.spotrac.com/redirect/player/48057/"
"503","Pittsburgh Steelers","7746","Cameron Heyward","DT",22256250,12812500,0.6,2020,4,2025,0.534549894031323,"https://www.spotrac.com/redirect/player/7746/"
"504","Pittsburgh Steelers","21835","Montravius Adams","NT",3232500,732500,0.2,2022,2,2024,0.848941464797131,"https://www.spotrac.com/redirect/player/21835/"
"505","Pittsburgh Steelers","29173","Renell Wren","DT",870000,0,0,2023,1,2024,0.912832005556839,"https://www.spotrac.com/redirect/player/29173/"
"506","Pittsburgh Steelers","18984","Myles Jack","LB",11250000,3250000,0.3,2022,2,2024,0.834133057238826,"https://www.spotrac.com/redirect/player/18984/"
"507","Pittsburgh Steelers","21771","T.J. Watt","OLB",29368694,48106082,1.6,2021,4,2026,0.405093878139442,"https://www.spotrac.com/redirect/player/21771/"
"508","Pittsburgh Steelers",NA,"Jesse Davis","T",NA,NA,0,2022,2,2024,0.912832005556839,NA
"509","Pittsburgh Steelers","25138","James Daniels","G",11166666,5833334,0.5,2022,3,2025,0.763754077117521,"https://www.spotrac.com/redirect/player/25138/"
"510","Pittsburgh Steelers","25191","Chukwuma Okorafor","T",13083333,6166668,0.5,2022,3,2025,0.678591744551934,"https://www.spotrac.com/redirect/player/25191/"
"511","Pittsburgh Steelers","25196","Mason Cole","C",6921666,3043334,0.4,2022,3,2025,0.785852687686173,"https://www.spotrac.com/redirect/player/25196/"
"512","Pittsburgh Steelers","21743","Mitchell Trubisky","QB",10625000,2625000,0.2,2022,2,2024,0.870238311717034,"https://www.spotrac.com/redirect/player/21743/"
"513","Pittsburgh Steelers","77300","Jaylen Warren","RB",874000,8000,0,2022,3,2025,0.884893204503792,"https://www.spotrac.com/redirect/player/77300/"
"514","Pittsburgh Steelers","14890","Chris Boswell","K",5640000,6400000,1.1,2022,4,2027,0.465598220238885,"https://www.spotrac.com/redirect/player/14890/"
"515","Pittsburgh Steelers","29102","Diontae Johnson","WR",16333333,19666667,1.2,2022,2,2025,0.552965402838532,"https://www.spotrac.com/redirect/player/29102/"
"516","Pittsburgh Steelers","30115","Gunner Olszewski","WR",2617500,617500,0.2,2022,2,2024,0.865751775965908,"https://www.spotrac.com/redirect/player/30115/"
"517","Pittsburgh Steelers","48096","Cody White","WR",940000,0,0,2023,1,2024,0.870238311717034,"https://www.spotrac.com/redirect/player/48096/"
"518","San Francisco 49ers","14439","Jimmie Ward","FS",6395000,6395000,1,2020,3,2026,0.545396426923825,"https://www.spotrac.com/redirect/player/14439/"
"519","San Francisco 49ers","25536","George Odum","FS",1840000,1600000,0.9,2022,3,2027,0.68830073976587,"https://www.spotrac.com/redirect/player/25536/"
"520","San Francisco 49ers","25525","Charvarius Ward","CB",16405000,14620000,0.9,2022,3,2027,0.672339219768305,"https://www.spotrac.com/redirect/player/25525/"
"521","San Francisco 49ers","16741","Arik Armstead","DT",23948936,21924000,0.9,2020,5,2027,0.564886217186891,"https://www.spotrac.com/redirect/player/16741/"
"522","San Francisco 49ers","25169","Fred Warner","MLB",18525000,21136000,1.1,2021,5,2027,0.576719973210125,"https://www.spotrac.com/redirect/player/25169/"
"523","San Francisco 49ers","25187","Oren Burks","OLB",2773000,1092000,0.4,2022,2,2027,0.780051378484264,"https://www.spotrac.com/redirect/player/25187/"
"524","San Francisco 49ers","29196","Dre Greenlaw","LB",5548558,1435000,0.3,2022,2,2027,0.728664567918292,"https://www.spotrac.com/redirect/player/29196/"
"525","San Francisco 49ers","6513","Trent Williams","T",27183521,23620000,0.9,2021,6,2027,0.633925337962512,"https://www.spotrac.com/redirect/player/6513/"
"526","San Francisco 49ers","12411","Kyle Juszczyk","FB",6565214,5266250,0.8,2021,5,2026,0.623515978836787,"https://www.spotrac.com/redirect/player/12411/"
"527","San Francisco 49ers","21749","Christian McCaffrey","RB",1.2e+07,0,0,2020,4,2026,0.881939884028745,"https://www.spotrac.com/redirect/player/21749/"
"528","San Francisco 49ers","77308","Jordan Mason","RB",873333,6667,0,2022,3,2025,0.893909333725108,"https://www.spotrac.com/redirect/player/77308/"
"529","San Francisco 49ers","29158","Mitch Wishnowsky","P",1800000,2200000,1.2,2022,4,2027,0.576719973210125,"https://www.spotrac.com/redirect/player/29158/"
"530","San Francisco 49ers","21888","George Kittle","TE",18033740,20637300,1.1,2020,5,2027,0.559796765387981,"https://www.spotrac.com/redirect/player/21888/"
"531","San Francisco 49ers","25288","Ray-Ray McCloud","WR",2090000,875000,0.4,2022,2,2024,0.834605305987678,"https://www.spotrac.com/redirect/player/25288/"
"532","San Francisco 49ers","29071","Deebo Samuel","WR",8653521,35228000,4.1,2022,3,2028,0,"https://www.spotrac.com/redirect/player/29071/"
"533","Seattle Seahawks","16926","Quandre Diggs","FS",18100000,8200000,0.5,2022,3,2025,0.678024725180644,"https://www.spotrac.com/redirect/player/16926/"
"534","Seattle Seahawks","21747","Jamal Adams","SS",18110000,21330000,1.2,2021,4,2026,0.554741275983699,"https://www.spotrac.com/redirect/player/21747/"
"535","Seattle Seahawks","72770","Isaiah Dunn","CB",940000,0,0,2021,3,2024,0.883497140508887,"https://www.spotrac.com/redirect/player/72770/"
"536","Seattle Seahawks","77579","Joey Blount","FS",874333,8667,0,2022,3,2025,0.862949898976062,"https://www.spotrac.com/redirect/player/77579/"
"537","Seattle Seahawks","6631","Al Woods","NT",5420000,1750000,0.3,2022,2,2024,0.760213691311941,"https://www.spotrac.com/redirect/player/6631/"
"538","Seattle Seahawks","14646","Shelby Harris","DE",12201753,3260588,0.3,2021,3,2024,0.810580117119277,"https://www.spotrac.com/redirect/player/14646/"
"539","Seattle Seahawks","19101","Quinton Jefferson","DE",6485000,2e+06,0.3,2022,2,2024,0.688526648630755,"https://www.spotrac.com/redirect/player/19101/"
"540","Seattle Seahawks","29731","Bryan Mone","NT",3675000,1e+06,0.3,2022,2,2025,0.739666449779117,"https://www.spotrac.com/redirect/player/29731/"
"541","Seattle Seahawks","25147","Uchenna Nwosu","OLB",13010000,4750000,0.4,2022,2,2024,0.785292741116172,"https://www.spotrac.com/redirect/player/25147/"
"542","Seattle Seahawks","77584","Vi Jones","LB",870000,0,0,2022,2,2024,0.883497140508887,"https://www.spotrac.com/redirect/player/77584/"
"543","Seattle Seahawks","14491","Gabe Jackson","G",11262223,4762223,0.4,2021,3,2024,0.7659155508373,"https://www.spotrac.com/redirect/player/14491/"
"544","Seattle Seahawks","72779","Jake Curhan","T",949500,9500,0,2021,3,2024,0.862949898976062,"https://www.spotrac.com/redirect/player/72779/"
"545","Seattle Seahawks","16467","Jason Myers","K",3040000,8665000,2.9,2023,4,2027,0.164343686860039,"https://www.spotrac.com/redirect/player/16467/"
"546","Seattle Seahawks","25250","Michael Dickson","P",3300000,3900000,1.2,2021,4,2026,0.513646792918051,"https://www.spotrac.com/redirect/player/25250/"
"547","Seattle Seahawks","25221","Will Dissly","TE",9190000,6200000,0.7,2022,3,2025,0.624725180644498,"https://www.spotrac.com/redirect/player/25221/"
"548","Seattle Seahawks","48242","Tyler Mabry","TE",870000,0,0,2022,2,2024,0.842402657443238,"https://www.spotrac.com/redirect/player/48242/"
"549","Seattle Seahawks","16793","Tyler Lockett","WR",16750000,21150000,1.3,2021,4,2026,0.41506838001116,"https://www.spotrac.com/redirect/player/16793/"
"550","Seattle Seahawks","72684","Cade Johnson","WR",870000,0,0,2023,1,2024,0.862949898976062,"https://www.spotrac.com/redirect/player/72684/"
"551","Tampa Bay Buccaneers","25162","Carlton Davis","CB",18215689,15666667,0.9,2022,3,2025,0.528416961323953,"https://www.spotrac.com/redirect/player/25162/"
"552","Tampa Bay Buccaneers","30024","Anthony Chesley","CB",1010000,0,0,2022,2,2024,0.957514672110232,"https://www.spotrac.com/redirect/player/30024/"
"553","Tampa Bay Buccaneers","9899","Akiem Hicks","DT",4903292,4903292,1,2022,1,2027,0.568233286552692,"https://www.spotrac.com/redirect/player/9899/"
"554","Tampa Bay Buccaneers","12407","William Gholston","DE",2400000,2400000,1,2022,1,2027,0.313424980862465,"https://www.spotrac.com/redirect/player/12407/"
"555","Tampa Bay Buccaneers","25107","Vita Vea","NT",15651641,22630121,1.4,2021,4,2027,0.354682316917581,"https://www.spotrac.com/redirect/player/25107/"
"556","Tampa Bay Buccaneers","9868","Lavonte David","LB",6855000,6855000,1,2021,2,2026,0.298354171982648,"https://www.spotrac.com/redirect/player/9868/"
"557","Tampa Bay Buccaneers","14689","Shaquil Barrett","OLB",21650000,23154000,1.1,2021,4,2027,0.469507527430467,"https://www.spotrac.com/redirect/player/14689/"
"558","Tampa Bay Buccaneers","77765","J.J. Russell","LB",870000,0,0,2023,2,2025,0.928808369482011,"https://www.spotrac.com/redirect/player/77765/"
"559","Tampa Bay Buccaneers","12485","Ryan Jensen","C",1.5e+07,1.9e+07,1.3,2022,3,2027,0.383388619545802,"https://www.spotrac.com/redirect/player/12485/"
"560","Tampa Bay Buccaneers","16758","Donovan Smith","T",17900000,7950000,0.4,2021,2,2026,0.556979732439033,"https://www.spotrac.com/redirect/player/16758/"
"561","Tampa Bay Buccaneers","29231","Justin Skule","T",940000,0,0,2023,1,2024,0.957514672110232,"https://www.spotrac.com/redirect/player/29231/"
"562","Tampa Bay Buccaneers","47871","John Molchon","G",870000,0,0,2022,2,2024,0.900102066853789,"https://www.spotrac.com/redirect/player/47871/"
"563","Tampa Bay Buccaneers","48050","Brandon Walton","G",870000,0,0,2022,2,2024,0.919570159363474,"https://www.spotrac.com/redirect/player/48050/"
"564","Tampa Bay Buccaneers","4619","Tom Brady","QB",35104000,35104000,1,2021,1,2027,0.498915539678489,"https://www.spotrac.com/redirect/player/4619/"
"565","Tampa Bay Buccaneers","21745","Leonard Fournette","RB",8470576,5e+06,0.6,2022,3,2025,0.682255002026327,"https://www.spotrac.com/redirect/player/21745/"
"566","Tampa Bay Buccaneers","5767","Ryan Succop","K",4500000,750000,0.2,2021,3,2024,0.842689461597346,"https://www.spotrac.com/redirect/player/5767/"
"567","Tampa Bay Buccaneers","21389","Zach Triner","LS",1230000,150000,0.1,2022,2,2024,0.842689461597346,"https://www.spotrac.com/redirect/player/21389/"
"568","Tampa Bay Buccaneers","15205","Cameron Brate","TE",4985000,2955000,0.6,2022,2,2026,0.485008930849706,"https://www.spotrac.com/redirect/player/15205/"
"569","Tampa Bay Buccaneers","7721","Julio Jones","WR",3456235,3456235,1,2022,1,2027,0.570553712681807,"https://www.spotrac.com/redirect/player/7721/"
"570","Tampa Bay Buccaneers","14416","Mike Evans","WR",23698500,21396500,0.9,2018,5,2027,0.387730447818321,"https://www.spotrac.com/redirect/player/14416/"
"571","Tampa Bay Buccaneers","21826","Chris Godwin","WR",23750000,3.5e+07,1.5,2022,3,2027,0.274089372288849,"https://www.spotrac.com/redirect/player/21826/"
"572","Tampa Bay Buccaneers","25295","Russell Gage","WR",12166666,9333334,0.8,2022,3,2025,0.682733842452521,"https://www.spotrac.com/redirect/player/25295/"
"573","Tampa Bay Buccaneers","77766","Deven Thompkins","WR",870000,0,0,2022,2,2024,0.957514672110232,"https://www.spotrac.com/redirect/player/77766/"
"574","Tennessee Titans","19013","Kevin Byard","FS",19623000,13632000,0.7,2019,5,2027,0.581875848223408,"https://www.spotrac.com/redirect/player/19013/"
"575","Tennessee Titans","25850","A.J. Moore","FS",833335,833335,1,2022,1,2025,0.690698751866633,"https://www.spotrac.com/redirect/player/25850/"
"576","Tennessee Titans","29164","Amani Hooker","FS",9035000,13685000,1.5,2022,3,2026,0.493844835368485,"https://www.spotrac.com/redirect/player/29164/"
"577","Tennessee Titans","77276","Josh Thompson","DB",870000,0,0,2022,2,2024,0.931297983142146,"https://www.spotrac.com/redirect/player/77276/"
"578","Tennessee Titans","77748","Tre Avery","CB",870000,0,0,2022,3,2025,0.90301976180392,"https://www.spotrac.com/redirect/player/77748/"
"579","Tennessee Titans","14887","Denico Autry","DE",9102932,2e+06,0.2,2021,3,2024,0.851171148241604,"https://www.spotrac.com/redirect/player/14887/"
"580","Tennessee Titans","16746","Bud Dupree","OLB",20200000,10850000,0.5,2021,5,2026,0.743153361131492,"https://www.spotrac.com/redirect/player/16746/"
"581","Tennessee Titans","21798","Zach Cunningham","LB",13426466,4500000,0.3,2022,3,2025,0.821934696198731,"https://www.spotrac.com/redirect/player/21798/"
"582","Tennessee Titans","77624","Jack Gibbens","LB",870000,0,0,2022,2,2024,0.931297983142146,"https://www.spotrac.com/redirect/player/77624/"
"583","Tennessee Titans","9912","Ben Jones","C",8293333,4586668,0.6,2022,2,2025,0.625992140425112,"https://www.spotrac.com/redirect/player/9912/"
"584","Tennessee Titans","14420","Taylor Lewan","T",14841000,0,0,2018,5,2024,0.778189381421365,"https://www.spotrac.com/redirect/player/14420/"
"585","Tennessee Titans","22060","Jordan Roos","G",1010000,0,0,2022,2,2024,0.909425325753463,"https://www.spotrac.com/redirect/player/22060/"
"586","Tennessee Titans","9818","Ryan Tannehill","QB",36600000,18800000,0.5,2020,4,2026,0.713810859840674,"https://www.spotrac.com/redirect/player/9818/"
"587","Tennessee Titans","18994","Derrick Henry","RB",16367647,9e+06,0.5,2020,4,2026,0.654280777314475,"https://www.spotrac.com/redirect/player/18994/"
"588","Tennessee Titans","48088","Jonathan Ward","RB",1010000,0,0,2022,2,2024,0.931297983142146,"https://www.spotrac.com/redirect/player/48088/"
"589","Tennessee Titans","77539","Julius Chestnut","RB",870000,0,0,2022,2,2024,0.931297983142146,"https://www.spotrac.com/redirect/player/77539/"
"590","Tennessee Titans","9982","Randy Bullock","K",2672360,6e+05,0.2,2022,1,2024,0.865680010976097,"https://www.spotrac.com/redirect/player/9982/"
"591","Tennessee Titans","77749","Ryan Stonehouse","P",873333,6667,0,2022,3,2025,0.909425325753463,"https://www.spotrac.com/redirect/player/77749/"
"592","Tennessee Titans","16972","Geoff Swaim","TE",825000,0,0,2022,1,2024,0.87531684649617,"https://www.spotrac.com/redirect/player/16972/"
"593","Tennessee Titans","19035","Austin Hooper","TE",3310000,3310000,1,2022,1,2025,0.679608027943665,"https://www.spotrac.com/redirect/player/19035/"
"594","Tennessee Titans","25653","Kevin Rader","TE",1010000,0,0,2022,2,2024,0.92803270786055,"https://www.spotrac.com/redirect/player/25653/"
"595","Tennessee Titans","12322","Robert Woods","WR",14616666,2600000,0.2,2020,4,2026,0.848619338212924,"https://www.spotrac.com/redirect/player/12322/"
"596","Washington Commanders","16871","Bobby McCain","FS",5120000,2800000,0.5,2022,2,2027,0.713308496805551,"https://www.spotrac.com/redirect/player/16871/"
"597","Washington Commanders","19038","Kendall Fuller","CB",11625000,3125000,0.3,2020,4,2024,0.838596758237577,"https://www.spotrac.com/redirect/player/19038/"
"598","Washington Commanders","25210","Troy Apke","FS",965000,25000,0,2023,1,2024,0.901625513245964,"https://www.spotrac.com/redirect/player/25210/"
"599","Washington Commanders","21758","Jonathan Allen","DT",21441168,1.8e+07,0.8,2021,4,2026,0.673433193655436,"https://www.spotrac.com/redirect/player/21758/"
"600","Washington Commanders","48250","Benning Potoa'e","DE",870000,0,0,2022,2,2024,0.901625513245964,"https://www.spotrac.com/redirect/player/48250/"
"601","Washington Commanders","48142","David Bada","DT",870000,0,0,2022,2,2024,0.901625513245964,"https://www.spotrac.com/redirect/player/48142/"
"602","Washington Commanders","74613","De'Jon Harris","LB",940000,0,0,2022,2,2024,0.901625513245964,"https://www.spotrac.com/redirect/player/74613/"
"603","Washington Commanders","14722","Cornelius Lucas","T",3700000,9e+05,0.2,2022,2,2024,0.846442783621126,"https://www.spotrac.com/redirect/player/14722/"
"604","Washington Commanders","14802","Andrew Norwell","G",5080000,2800000,0.6,2022,2,2027,0.69075524495191,"https://www.spotrac.com/redirect/player/14802/"
"605","Washington Commanders","21941","Chase Roullier","C",12420000,8100000,0.7,2020,4,2025,0.753979413915293,"https://www.spotrac.com/redirect/player/21941/"
"606","Washington Commanders","18950","Carson Wentz","QB",26176470,0,0,2019,4,2025,0.901625513245964,"https://www.spotrac.com/redirect/player/18950/"
"607","Washington Commanders","19712","J.D. McKissic","RB",3230000,2e+06,0.6,2022,2,2027,0.71179481410653,"https://www.spotrac.com/redirect/player/19712/"
"608","Washington Commanders","21934","Alex Armah","RB",965000,0,0,2023,1,2024,0.901625513245964,"https://www.spotrac.com/redirect/player/21934/"
"609","Washington Commanders","72674","Jaret Patterson","RB",940000,0,0,2022,2,2024,0.901625513245964,"https://www.spotrac.com/redirect/player/72674/"
"610","Washington Commanders","12696","Tress Way","P",3500000,1200000,0.3,2020,4,2025,0.83834861353282,"https://www.spotrac.com/redirect/player/12696/"
"611","Washington Commanders","29996","Joey Slye","K",2350000,5e+05,0.2,2022,2,2024,0.859440913437201,"https://www.spotrac.com/redirect/player/29996/"
"612","Washington Commanders","14531","Logan Thomas","TE",8675000,3500000,0.4,2021,3,2025,0.781745920146561,"https://www.spotrac.com/redirect/player/14531/"
"613","Washington Commanders","77325","Armani Rogers","TE",875833,11666,0,2022,3,2025,0.876161354815947,"https://www.spotrac.com/redirect/player/77325/"
"614","Washington Commanders","19403","Alex Erickson","WR",965000,25000,0,2023,1,2024,0.901625513245964,"https://www.spotrac.com/redirect/player/19403/"
"615","Washington Commanders","21781","Curtis Samuel","WR",1.3e+07,7200000,0.6,2021,3,2026,0.717812323196898,"https://www.spotrac.com/redirect/player/21781/"
"616","Washington Commanders","29112","Terry McLaurin","WR",11025000,27825000,2.5,2022,3,2027,0.292169711126478,"https://www.spotrac.com/redirect/player/29112/"
